"index","name","partition","prevalence","scientific","family","order","class","phylum","kingdom"
1,"alpine buttons",7,0.000936843805524148,"Leptorhynchos squamatus subsp. alpinus","Asteraceae","Asterales","Magnoliopsida","Tracheophyta","Plantae"
2,"alpine colobanth",7,0.00281053141657244,"Colobanthus affinis","Caryophyllaceae","Caryophyllales","Magnoliopsida","Tracheophyta","Plantae"
3,"alpine cotula",4,0.00620255209174608,"Cotula alpina","Asteraceae","Asterales","Magnoliopsida","Tracheophyta","Plantae"
5,"alpine cudweed",7,0.00520109836859958,"Argyrotegium fordianum","Asteraceae","Asterales","Magnoliopsida","Tracheophyta","Plantae"
6,"alpine fireweed",6,0.000452269423356485,"Senecio extensus","Asteraceae","Asterales","Magnoliopsida","Tracheophyta","Plantae"
7,"alpine grass-lily",7,0.00171216281699241,"Caesia alpina","Hemerocallidaceae","Asparagales","Liliopsida","Tracheophyta","Plantae"
8,"alpine greenhood",7,0.0015829429817477,"Pterostylis alpina","Orchidaceae","Asparagales","Liliopsida","Tracheophyta","Plantae"
9,"alpine groundsel",7,0.00200290744629301,"Senecio pectinatus var. major","Asteraceae","Asterales","Magnoliopsida","Tracheophyta","Plantae"
10,"alpine leek-orchid",7,0.00219673719916007,"Prasophyllum tadgellianum","Orchidaceae","Asparagales","Liliopsida","Tracheophyta","Plantae"
12,"alpine marsh-marigold",6,0.00300436116943951,"Psychrophila introloba","Ranunculaceae","Ranunculales","Magnoliopsida","Tracheophyta","Plantae"
14,"alpine podolepis",7,0.00552414795671136,"Podolepis robusta","Asteraceae","Asterales","Magnoliopsida","Tracheophyta","Plantae"
15,"alpine stackhousia",6,0.00155063802293652,"Stackhousia pulvinaris","Celastraceae","Celastrales","Magnoliopsida","Tracheophyta","Plantae"
16,"alpine sundew",6,0.00226134711678243,"Drosera arcturi","Droseraceae","Caryophyllales","Magnoliopsida","Tracheophyta","Plantae"
18,"alpine trachymene",7,0.00300436116943951,"Trachymene humilis","Apiaceae","Apiales","Magnoliopsida","Tracheophyta","Plantae"
19,"alpine tuft-rush",2,0.000710709093845905,"Oreobolus pumilio subsp. pumilio","Cyperaceae","Poales","Liliopsida","Tracheophyta","Plantae"
21,"alpine woodruff",6,0.0077531901146826,"Asperula pusilla","Rubiaceae","Gentianales","Magnoliopsida","Tracheophyta","Plantae"
22,"alpine yam-daisy",5,0.00323049588111775,"Microseris lanceolata","Asteraceae","Asterales","Magnoliopsida","Tracheophyta","Plantae"
23,"amphibious water-milfoil",6,0.00491035373929898,"Myriophyllum simulans","Haloragaceae","Saxifragales","Magnoliopsida","Tracheophyta","Plantae"
24,"angled lobelia",6,0.0230657405911807,"Lobelia anceps","Campanulaceae","Asterales","Magnoliopsida","Tracheophyta","Plantae"
25,"annual bitter-cress",4,0.00377968018090777,"Cardamine paucijuga","Brassicaceae","Brassicales","Magnoliopsida","Tracheophyta","Plantae"
26,"annual bluebell",7,0.027846874495235,"Wahlenbergia tumidifruct","Campanulaceae","Asterales","Magnoliopsida","Tracheophyta","Plantae"
27,"annual buttercup",6,0.00694556614440317,"Ranunculus sessiliflorus","Ranunculaceae","Ranunculales","Magnoliopsida","Tracheophyta","Plantae"
29,"annual celery",7,0.00148602810531417,"Apium annuum","Apiaceae","Apiales","Magnoliopsida","Tracheophyta","Plantae"
30,"annual cudweed",7,0.0187045711516718,"Euchiton sphaericus","Asteraceae","Asterales","Magnoliopsida","Tracheophyta","Plantae"
32,"annual fireweed",2,0.0293975125181715,"Senecio glomeratus","Asteraceae","Asterales","Magnoliopsida","Tracheophyta","Plantae"
33,"annual new holland daisy",7,0.00597641738006784,"Vittadinia cervicularis","Asteraceae","Asterales","Magnoliopsida","Tracheophyta","Plantae"
34,"annual rice-flower",6,0.00148602810531417,"Pimelea trichostachya","Thymelaeaceae","Malvales","Magnoliopsida","Tracheophyta","Plantae"
37,"ashen billy-buttons",7,0.00290744629300598,"Craspedia gracilis","Asteraceae","Asterales","Magnoliopsida","Tracheophyta","Plantae"
38,"austral adder's-tongue",5,0.00429655952188661,"Ophioglossum lusitanicum","Ophioglossaceae","Ophioglossales","Polypodiopsida","Tracheophyta","Plantae"
39,"austral bear's-ear",5,0.0239379744790825,"Cymbonotus preissianus","Asteraceae","Asterales","Magnoliopsida","Tracheophyta","Plantae"
40,"austral brooklime",6,0.0235826199321596,"Gratiola peruviana","Plantaginaceae","Lamiales","Magnoliopsida","Tracheophyta","Plantae"
41,"austral bugle",7,0.0219027620739784,"Ajuga australis","Lamiaceae","Lamiales","Magnoliopsida","Tracheophyta","Plantae"
42,"austral crane's-bill",7,0.0370860927152318,"Geranium solanderi var. solanderi","Geraniaceae","Geraniales","Magnoliopsida","Tracheophyta","Plantae"
43,"austral forget-me-not",4,0.00442577935713132,"Myosotis australis","Boraginaceae","Boraginales","Magnoliopsida","Tracheophyta","Plantae"
44,"austral ladies' tresses",7,0.00077531901146826,"Spiranthes australis","Orchidaceae","Asparagales","Liliopsida","Tracheophyta","Plantae"
46,"austral mudwort",6,0.00171216281699241,"Limosella australis","Scrophulariaceae","Lamiales","Magnoliopsida","Tracheophyta","Plantae"
48,"austral stork's-bill",6,0.0086254240025844,"Pelargonium australe","Geraniaceae","Geraniales","Magnoliopsida","Tracheophyta","Plantae"
52,"australian buttercup",7,0.0196414149571959,"Ranunculus lappaceus","Ranunculaceae","Ranunculales","Magnoliopsida","Tracheophyta","Plantae"
53,"australian caraway",6,0.0388951704086577,"Oreomyrrhis eriopoda","Apiaceae","Apiales","Magnoliopsida","Tracheophyta","Plantae"
54,"australian carrot",7,0.0521402035212405,"Daucus glochidiatus","Apiaceae","Apiales","Magnoliopsida","Tracheophyta","Plantae"
55,"australian gipsywort",4,0.00507187853335487,"Lycopus australis","Lamiaceae","Lamiales","Magnoliopsida","Tracheophyta","Plantae"
56,"australian hollyhock",6,0.000839928929090615,"Malva preissiana","Malvaceae","Malvales","Magnoliopsida","Tracheophyta","Plantae"
57,"australian hound's-tongue",7,0.00668712647391375,"Cynoglossum australe","Boraginaceae","Boraginales","Magnoliopsida","Tracheophyta","Plantae"
58,"australian lilaeopsis",7,0.00830237441447262,"Lilaeopsis polyantha","Apiaceae","Apiales","Magnoliopsida","Tracheophyta","Plantae"
59,"australian piert",7,0.000710709093845905,"Aphanes australiana","Rosaceae","Rosales","Magnoliopsida","Tracheophyta","Plantae"
60,"australian sheep's burr",5,0.011468260377968,"Acaena X ovina","Rosaceae","Rosales","Magnoliopsida","Tracheophyta","Plantae"
61,"australian stonecrop",7,0.00610563721531255,"Crassula tetramera","Crassulaceae","Saxifragales","Magnoliopsida","Tracheophyta","Plantae"
62,"autumn wasp-orchid",5,0.00148602810531417,"Chiloglottis reflexa","Orchidaceae","Asparagales","Liliopsida","Tracheophyta","Plantae"
64,"babbagia",7,0.00345663059279599,"Osteocarpum acropterum var. deminutum","Amaranthaceae","Caryophyllales","Magnoliopsida","Tracheophyta","Plantae"
65,"bald-seeded willow-herb",7,0.000839928929090615,"Epilobium curtisiae","Onagraceae","Myrtales","Magnoliopsida","Tracheophyta","Plantae"
69,"baw baw daisy",7,0.00142141818769181,"Brachyscome obovata","Asteraceae","Asterales","Magnoliopsida","Tracheophyta","Plantae"
70,"beaded glasswort",6,0.01947989016314,"Salicornia quinqueflora","Amaranthaceae","Caryophyllales","Magnoliopsida","Tracheophyta","Plantae"
71,"beaked fireweed",7,0.0153125504764981,"Senecio prenanthoides","Asteraceae","Asterales","Magnoliopsida","Tracheophyta","Plantae"
76,"beauty buttons",7,0.00125989339363592,"Leptorhynchos tetrachaetus","Asteraceae","Asterales","Magnoliopsida","Tracheophyta","Plantae"
77,"bent goodenia",6,0.0327895331933452,"Goodenia geniculata","Goodeniaceae","Asterales","Magnoliopsida","Tracheophyta","Plantae"
78,"berry saltbush",7,0.0146987562590858,"Atriplex semibaccata","Amaranthaceae","Caryophyllales","Magnoliopsida","Tracheophyta","Plantae"
79,"bidgee-widgee",7,0.176352770150218,"Acaena novae-zelandiae","Rosaceae","Rosales","Magnoliopsida","Tracheophyta","Plantae"
80,"black's goodenia",7,0.00768858019706025,"Goodenia blackiana","Goodeniaceae","Asterales","Magnoliopsida","Tracheophyta","Plantae"
84,"blotched sun-orchid",7,0.000581489258601195,"Thelymitra benthamiana","Orchidaceae","Asparagales","Liliopsida","Tracheophyta","Plantae"
85,"blue-spike milkwort",5,0.00843159424971733,"Comesperma calymega","Polygalaceae","Fabales","Magnoliopsida","Tracheophyta","Plantae"
89,"blue devil",1,0.016927798417057,"Eryngium ovinum","Apiaceae","Apiales","Magnoliopsida","Tracheophyta","Plantae"
90,"blue fairy",5,0.00164755289937005,"Cyanicula caerulea","Orchidaceae","Asparagales","Liliopsida","Tracheophyta","Plantae"
91,"blue grass-lily",7,0.0080439347439832,"Caesia calliantha","Hemerocallidaceae","Asparagales","Liliopsida","Tracheophyta","Plantae"
92,"blue heron's-bill",7,0.00655790663866904,"Erodium crinitum","Geraniaceae","Geraniales","Magnoliopsida","Tracheophyta","Plantae"
93,"blue pincushion",7,0.0305604910353739,"Brunonia australis","Goodeniaceae","Asterales","Magnoliopsida","Tracheophyta","Plantae"
94,"blue rod",7,0.00222904215797125,"Stemodia florulenta","Plantaginaceae","Lamiales","Magnoliopsida","Tracheophyta","Plantae"
95,"blue stars",4,0.0266192860604103,"Aristea ecklonii","Iridaceae","Asparagales","Liliopsida","Tracheophyta","Plantae"
99,"blunt everlasting",5,0.00717170085608141,"Argentipallium obtusifolium","Asteraceae","Asterales","Magnoliopsida","Tracheophyta","Plantae"
101,"blunt pondweed",5,0.0018736876110483,"Potamogeton ochreatus","Potamogetonaceae","Alismatales","Liliopsida","Tracheophyta","Plantae"
103,"bog buttercup",7,0.00342432563398482,"Ranunculus pimpinellifolius","Ranunculaceae","Ranunculales","Magnoliopsida","Tracheophyta","Plantae"
104,"bog fleabane",5,0.00335971571636246,"Pappochroma paludicola","Asteraceae","Asterales","Magnoliopsida","Tracheophyta","Plantae"
109,"book triggerplant",7,0.000678404135034728,"Stylidium androsaceum","Stylidiaceae","Asterales","Magnoliopsida","Tracheophyta","Plantae"
110,"bottle bluebush",5,0.00529801324503311,"Maireana excavata","Amaranthaceae","Caryophyllales","Magnoliopsida","Tracheophyta","Plantae"
111,"brackish plains buttercup",6,0.000678404135034728,"Ranunculus diminutus","Ranunculaceae","Ranunculales","Magnoliopsida","Tracheophyta","Plantae"
115,"branching bluebell",6,0.00649329672104668,"Wahlenbergia multicaulis","Campanulaceae","Asterales","Magnoliopsida","Tracheophyta","Plantae"
116,"branching daisy",5,0.0121789694718139,"Brachyscome aculeata","Asteraceae","Asterales","Magnoliopsida","Tracheophyta","Plantae"
117,"branching fringe-lily",5,0.0038765950573413,"Thysanotus racemoides","Anthericaceae","Asparagales","Liliopsida","Tracheophyta","Plantae"
118,"branching groundsel",7,0.00109836859958004,"Senecio cunninghamii var. cunninghamii","Asteraceae","Asterales","Magnoliopsida","Tracheophyta","Plantae"
119,"broad-leaf cumbungi",7,0.00242287191083831,"Typha orientalis","Typhaceae","Poales","Liliopsida","Tracheophyta","Plantae"
120,"broad-leaf early nancy",6,0.00206751736391536,"Wurmbea latifolia subsp. vanessae","Colchicaceae","Liliales","Liliopsida","Tracheophyta","Plantae"
121,"broad-leaf millotia",6,0.00151833306412534,"Millotia myosotidifolia","Asteraceae","Asterales","Magnoliopsida","Tracheophyta","Plantae"
122,"broad-leaf pennywort",4,0.00707478597964788,"Hydrocotyle acutiloba","Apiaceae","Apiales","Magnoliopsida","Tracheophyta","Plantae"
123,"broad-leaf stinkweed",5,0.0107898562429333,"Opercularia ovata","Rubiaceae","Gentianales","Magnoliopsida","Tracheophyta","Plantae"
126,"broad eyebright",5,0.0015829429817477,"Euphrasia gibbsiae subsp. subglabrifolia","Orobanchaceae","Lamiales","Magnoliopsida","Tracheophyta","Plantae"
127,"broad plantain",6,0.00830237441447262,"Plantago euryphylla","Plantaginaceae","Lamiales","Magnoliopsida","Tracheophyta","Plantae"
129,"bronze bluebell",7,0.00726861573251494,"Wahlenbergia luteola","Campanulaceae","Asterales","Magnoliopsida","Tracheophyta","Plantae"
130,"broughton pea",7,0.00293975125181715,"Swainsona procumbens","Fabaceae","Fabales","Magnoliopsida","Tracheophyta","Plantae"
132,"brown-clubbed spider-orchid",7,0.00155063802293652,"Caladenia phaeoclavia","Orchidaceae","Asparagales","Liliopsida","Tracheophyta","Plantae"
133,"bulbine lily",7,0.019286060410273,"Bulbine bulbosa","Asphodelaceae","Asparagales","Liliopsida","Tracheophyta","Plantae"
136,"burr stickseed",4,0.00481343886286545,"Omphalolappula concava","Boraginaceae","Boraginales","Magnoliopsida","Tracheophyta","Plantae"
137,"bush minuria",7,0.000678404135034728,"Minuria cunninghamii","Asteraceae","Asterales","Magnoliopsida","Tracheophyta","Plantae"
140,"button everlasting",4,0.09080923921822,"Coronidium scorpioides","Asteraceae","Asterales","Magnoliopsida","Tracheophyta","Plantae"
145,"carpet snow-daisy",6,0.000936843805524148,"Celmisia costiniana","Asteraceae","Asterales","Magnoliopsida","Tracheophyta","Plantae"
146,"centella",7,0.0175415926344694,"Centella cordifolia","Apiaceae","Apiales","Magnoliopsida","Tracheophyta","Plantae"
147,"chamomile sunray",5,0.0022936520755936,"Rhodanthe anthemoides","Asteraceae","Asterales","Magnoliopsida","Tracheophyta","Plantae"
149,"chocolate lily",5,0.0526247779034082,"Arthropodium strictum","Anthericaceae","Asparagales","Liliopsida","Tracheophyta","Plantae"
150,"cinnamon bells",6,0.00300436116943951,"Gastrodia sesamoides","Orchidaceae","Asparagales","Liliopsida","Tracheophyta","Plantae"
151,"clammy goosefoot",4,0.00245517686964949,"Dysphania pumilio","Amaranthaceae","Caryophyllales","Magnoliopsida","Tracheophyta","Plantae"
152,"clay plantain",4,0.00284283637538362,"Plantago cunninghamii","Plantaginaceae","Lamiales","Magnoliopsida","Tracheophyta","Plantae"
153,"clay sunray",7,0.00116297851720239,"Rhodanthe stuartiana","Asteraceae","Asterales","Magnoliopsida","Tracheophyta","Plantae"
154,"cliff cudweed",7,0.000613794217412373,"Euchiton umbricola","Asteraceae","Asterales","Magnoliopsida","Tracheophyta","Plantae"
155,"clove-strip",7,0.00313358100468422,"Ludwigia peploides subsp. montevidensis","Onagraceae","Myrtales","Magnoliopsida","Tracheophyta","Plantae"
156,"clover glycine",4,0.0018736876110483,"Glycine latrobeana","Fabaceae","Fabales","Magnoliopsida","Tracheophyta","Plantae"
157,"club-hair new holland daisy",3,0.00145372314650299,"Vittadinia condyloides","Asteraceae","Asterales","Magnoliopsida","Tracheophyta","Plantae"
158,"clustered everlasting",7,0.0206751736391536,"Chrysocephalum semipapposum","Asteraceae","Asterales","Magnoliopsida","Tracheophyta","Plantae"
161,"clustered/creeping cudweed",7,0.00478113390405427,"Euchiton japonicus","Asteraceae","Asterales","Magnoliopsida","Tracheophyta","Plantae"
162,"coarse bottle-daisy",7,0.00781780003230496,"Lagenophora gunniana","Asteraceae","Asterales","Magnoliopsida","Tracheophyta","Plantae"
163,"coarse stinkweed",7,0.0345986108867711,"Opercularia aspera","Rubiaceae","Gentianales","Magnoliopsida","Tracheophyta","Plantae"
165,"coast bonefruit",6,0.00122758843482475,"Threlkeldia diffusa","Amaranthaceae","Caryophyllales","Magnoliopsida","Tracheophyta","Plantae"
168,"coast daisy",4,0.00171216281699241,"Brachyscome parvula","Asteraceae","Asterales","Magnoliopsida","Tracheophyta","Plantae"
171,"coast sand-spurrey",7,0.00345663059279599,"Spergularia tasmanica","Caryophyllaceae","Caryophyllales","Magnoliopsida","Tracheophyta","Plantae"
173,"coast stackhousia",7,0.00064609917622355,"Stackhousia spathulata","Celastraceae","Celastrales","Magnoliopsida","Tracheophyta","Plantae"
175,"coast swainson-pea",7,0.00255209174608302,"Swainsona lessertiifolia","Fabaceae","Fabales","Magnoliopsida","Tracheophyta","Plantae"
181,"cockspur flower",5,0.00213212728153772,"Plectranthus parviflorus","Lamiaceae","Lamiales","Magnoliopsida","Tracheophyta","Plantae"
183,"common billy-buttons",7,0.0389274753674689,"Craspedia glauca","Asteraceae","Asterales","Magnoliopsida","Tracheophyta","Plantae"
184,"common bird-orchid",6,0.0297851720239057,"Chiloglottis valida","Orchidaceae","Asparagales","Liliopsida","Tracheophyta","Plantae"
185,"common bitter-cress",7,0.00607333225650137,"Cardamine hirsuta","Brassicaceae","Brassicales","Magnoliopsida","Tracheophyta","Plantae"
186,"common bottle-daisy",7,0.139622031981909,"Lagenophora stipitata","Asteraceae","Asterales","Magnoliopsida","Tracheophyta","Plantae"
187,"common bow-flower",7,0.0083346793732838,"Millotia muelleri","Asteraceae","Asterales","Magnoliopsida","Tracheophyta","Plantae"
189,"common cotula",3,0.0103375868195768,"Cotula australis","Asteraceae","Asterales","Magnoliopsida","Tracheophyta","Plantae"
190,"common cudweed",7,0.0168631884994347,"Euchiton sphaericus","Asteraceae","Asterales","Magnoliopsida","Tracheophyta","Plantae"
191,"common duckweed",3,0.00555645291552253,"Lemna disperma","Lemnaceae","Alismatales","Liliopsida","Tracheophyta","Plantae"
192,"common early nancy",7,0.0240994992731384,"Wurmbea dioica","Colchicaceae","Liliales","Liliopsida","Tracheophyta","Plantae"
193,"common everlasting",7,0.0210628331448877,"Chrysocephalum apiculatum","Asteraceae","Asterales","Magnoliopsida","Tracheophyta","Plantae"
194,"common fringe-lily",7,0.0233241802616702,"Thysanotus tuberosus","Anthericaceae","Asparagales","Liliopsida","Tracheophyta","Plantae"
196,"common nardoo",4,0.00859311904377322,"Marsilea drummondii","Marsileaceae","Salviniales","Polypodiopsida","Tracheophyta","Plantae"
197,"common onion-orchid",7,0.0173477628816023,"Microtis unifolia","Orchidaceae","Asparagales","Liliopsida","Tracheophyta","Plantae"
198,"common pipewort",5,0.000452269423356485,"Eriocaulon scariosum","Eriocaulaceae","Poales","Liliopsida","Tracheophyta","Plantae"
200,"common raspwort",6,0.243514779518656,"Gonocarpus tetragynus","Haloragaceae","Saxifragales","Magnoliopsida","Tracheophyta","Plantae"
201,"common ruddyhood",5,0.00106606364076886,"Pterostylis squamata","Orchidaceae","Asparagales","Liliopsida","Tracheophyta","Plantae"
202,"common sneezeweed",6,0.0142141818769181,"Centipeda cunninghamii","Asteraceae","Asterales","Magnoliopsida","Tracheophyta","Plantae"
204,"common sunray",7,0.00852850912615086,"Triptilodiscus pygmaeus","Asteraceae","Asterales","Magnoliopsida","Tracheophyta","Plantae"
205,"common verbena",6,0.000839928929090615,"Verbena officinalis","Verbenaceae","Lamiales","Magnoliopsida","Tracheophyta","Plantae"
206,"common woodruff",7,0.0294298174769827,"Asperula conferta","Rubiaceae","Gentianales","Magnoliopsida","Tracheophyta","Plantae"
209,"cotton fireweed",7,0.0536262316265547,"Senecio quadridentatus","Asteraceae","Asterales","Magnoliopsida","Tracheophyta","Plantae"
211,"creamy stackhousia",7,0.0489097076401228,"Stackhousia monogyna s.l.","Celastraceae","Celastrales","Magnoliopsida","Tracheophyta","Plantae"
212,"creeping brookweed",1,0.0157648198998546,"Samolus repens","Primulaceae","Ericales","Magnoliopsida","Tracheophyta","Plantae"
213,"creeping cotula",7,0.00587950250363431,"Leptinella reptans","Asteraceae","Asterales","Magnoliopsida","Tracheophyta","Plantae"
214,"creeping cudweed",6,0.084800516879341,"Euchiton japonicus","Asteraceae","Asterales","Magnoliopsida","Tracheophyta","Plantae"
215,"creeping fan-flower",7,0.0015829429817477,"Scaevola hookeri","Goodeniaceae","Asterales","Magnoliopsida","Tracheophyta","Plantae"
216,"creeping knotweed",3,0.0073332256501373,"Persicaria prostrata","Polygonaceae","Caryophyllales","Magnoliopsida","Tracheophyta","Plantae"
218,"creeping monkey-flower",7,0.00381198513971895,"Thyridia repens","Phrymaceae","Lamiales","Magnoliopsida","Tracheophyta","Plantae"
219,"creeping raspwort",7,0.0239056695202714,"Gonocarpus micranthus","Haloragaceae","Saxifragales","Magnoliopsida","Tracheophyta","Plantae"
222,"crimson billy-buttons",5,0.00135680827006946,"Craspedia crocata","Asteraceae","Asterales","Magnoliopsida","Tracheophyta","Plantae"
227,"crowned plantain",7,0.00293975125181715,"Plantago turrifera","Plantaginaceae","Lamiales","Magnoliopsida","Tracheophyta","Plantae"
230,"cushion knawel",7,0.00377968018090777,"Scleranthus minusculus","Caryophyllaceae","Caryophyllales","Magnoliopsida","Tracheophyta","Plantae"
232,"cut-leaf daisy",7,0.00633177192699079,"Brachyscome multifida","Asteraceae","Asterales","Magnoliopsida","Tracheophyta","Plantae"
233,"cut-leaf goodenia",5,0.00959457276691972,"Goodenia pinnatifida","Goodeniaceae","Asterales","Magnoliopsida","Tracheophyta","Plantae"
237,"dark-tip greenhood",4,0.000936843805524148,"Pterostylis atrans","Orchidaceae","Asparagales","Liliopsida","Tracheophyta","Plantae"
239,"dark plantain",5,0.00659021159748021,"Plantago drummondii","Plantaginaceae","Lamiales","Magnoliopsida","Tracheophyta","Plantae"
243,"delicate podolepis",7,0.00439347439832014,"Podolepis tepperi","Asteraceae","Asterales","Magnoliopsida","Tracheophyta","Plantae"
244,"dense crassula",5,0.0315619447585204,"Crassula colorata","Crassulaceae","Saxifragales","Magnoliopsida","Tracheophyta","Plantae"
247,"derwent speedwell",7,0.0298174769827168,"Veronica derwentiana","Plantaginaceae","Lamiales","Magnoliopsida","Tracheophyta","Plantae"
250,"desert spinach",7,0.0018736876110483,"Tetragonia eremaea","Aizoaceae","Caryophyllales","Magnoliopsida","Tracheophyta","Plantae"
251,"digger's speedwell",6,0.00439347439832014,"Veronica perfoliata","Plantaginaceae","Lamiales","Magnoliopsida","Tracheophyta","Plantae"
252,"dissected fireweed",1,0.00255209174608302,"Senecio bathurstianus","Asteraceae","Asterales","Magnoliopsida","Tracheophyta","Plantae"
253,"dissected new holland daisy",7,0.0153771603941205,"Vittadinia dissecta","Asteraceae","Asterales","Magnoliopsida","Tracheophyta","Plantae"
259,"dune groundsel",7,0.00413503472783072,"Senecio spathulatus var. latifructus","Asteraceae","Asterales","Magnoliopsida","Tracheophyta","Plantae"
260,"dune thistle",7,0.00300436116943951,"Actites megalocarpus","Asteraceae","Asterales","Magnoliopsida","Tracheophyta","Plantae"
264,"dusky violet",3,0.000839928929090615,"Viola fuscoviolacea","Violaceae","Malpighiales","Magnoliopsida","Tracheophyta","Plantae"
265,"dwarf beauty-heads",4,0.00213212728153772,"Blennospora drummondii","Asteraceae","Asterales","Magnoliopsida","Tracheophyta","Plantae"
267,"dwarf bluebush",7,0.00203521240510418,"Maireana humillima","Amaranthaceae","Caryophyllales","Magnoliopsida","Tracheophyta","Plantae"
270,"dwarf buttercup",6,0.000807623970279438,"Ranunculus millanii","Ranunculaceae","Ranunculales","Magnoliopsida","Tracheophyta","Plantae"
274,"dwarf greenhood",3,0.00587950250363431,"Pterostylis nana","Orchidaceae","Asparagales","Liliopsida","Tracheophyta","Plantae"
277,"dwarf nertera",4,0.00562106283314489,"Leptostigma reptans","Rubiaceae","Gentianales","Magnoliopsida","Tracheophyta","Plantae"
278,"dwarf skullcap",6,0.0018736876110483,"Scutellaria humilis","Lamiaceae","Lamiales","Magnoliopsida","Tracheophyta","Plantae"
281,"dwarf twin-leaf",7,0.00206751736391536,"Roepera ovata","Zygophyllaceae","Zygophyllales","Magnoliopsida","Tracheophyta","Plantae"
282,"dwarf wire-lily",7,0.0115974802132127,"Laxmannia orientalis","Anthericaceae","Asparagales","Liliopsida","Tracheophyta","Plantae"
287,"eastern nightshade",7,0.0031658859634954,"Solanum pungetium","Solanaceae","Solanales","Magnoliopsida","Tracheophyta","Plantae"
288,"eel grass",6,0.00132450331125828,"Vallisneria australis","Hydrocharitaceae","Alismatales","Liliopsida","Tracheophyta","Plantae"
289,"eichler's buttercup",7,0.00277822645776127,"Ranunculus eichlerianus","Ranunculaceae","Ranunculales","Magnoliopsida","Tracheophyta","Plantae"
291,"elbow orchid",6,0.00125989339363592,"Thynninorchis huntiana","Orchidaceae","Asparagales","Liliopsida","Tracheophyta","Plantae"
292,"elegant daisy",4,0.00109836859958004,"Brachyscome salkiniae","Asteraceae","Asterales","Magnoliopsida","Tracheophyta","Plantae"
298,"erect marsh-flower",5,0.00264900662251656,"Liparophyllum exaltatum","Menyanthaceae","Asterales","Magnoliopsida","Tracheophyta","Plantae"
300,"erect violet",7,0.00148602810531417,"Pigea vernonii subsp. vernonii","Violaceae","Malpighiales","Magnoliopsida","Tracheophyta","Plantae"
301,"fairies' aprons",7,0.00584719754482313,"Utricularia dichotoma","Lentibulariaceae","Lamiales","Magnoliopsida","Tracheophyta","Plantae"
303,"fairy fan-flower",7,0.00113067355839121,"Scaevola aemula","Goodeniaceae","Asterales","Magnoliopsida","Tracheophyta","Plantae"
305,"fairy spectacles",6,0.0028751413341948,"Menkea australis","Brassicaceae","Brassicales","Magnoliopsida","Tracheophyta","Plantae"
306,"fan tuft-rush",7,0.00471652398643192,"Oreobolus distichus","Cyperaceae","Poales","Liliopsida","Tracheophyta","Plantae"
307,"feather heads",7,0.00255209174608302,"Ptilotus macrocephalus","Amaranthaceae","Caryophyllales","Magnoliopsida","Tracheophyta","Plantae"
308,"felted buttercup",7,0.00203521240510418,"Ranunculus muelleri","Ranunculaceae","Ranunculales","Magnoliopsida","Tracheophyta","Plantae"
309,"fennel pondweed",7,0.00106606364076886,"Stuckenia pectinata","Potamogetonaceae","Alismatales","Liliopsida","Tracheophyta","Plantae"
310,"ferny azolla",7,0.00113067355839121,"Azolla pinnata","Azollaceae","Salviniales","Polypodiopsida","Tracheophyta","Plantae"
311,"ferny small-flower buttercup",5,0.00523340332741076,"Ranunculus pumilio","Ranunculaceae","Ranunculales","Magnoliopsida","Tracheophyta","Plantae"
312,"field daisy",7,0.0139880471652399,"Brachyscome decipiens","Asteraceae","Asterales","Magnoliopsida","Tracheophyta","Plantae"
314,"fir clubmoss",7,0.0010014537231465,"Huperzia australiana","Lycopodiaceae","Lycopodiales","Lycopodiopsida","Tracheophyta","Plantae"
315,"fireweed groundsel",6,0.0681311581327734,"Senecio linearifolius","Asteraceae","Asterales","Magnoliopsida","Tracheophyta","Plantae"
317,"flannel cudweed",7,0.016378614117267,"Actinobole uliginosum","Asteraceae","Asterales","Magnoliopsida","Tracheophyta","Plantae"
318,"flat spurge",7,0.0101437570667097,"Euphorbia drummondii","Euphorbiaceae","Malpighiales","Magnoliopsida","Tracheophyta","Plantae"
321,"floating pondweed",7,0.00788240994992731,"Potamogeton sulcatus","Potamogetonaceae","Alismatales","Liliopsida","Tracheophyta","Plantae"
324,"forest bitter-cress",5,0.00155063802293652,"Cardamine papillata","Brassicaceae","Brassicales","Magnoliopsida","Tracheophyta","Plantae"
327,"forest groundsel",7,0.0203198190922307,"Senecio velleioides","Asteraceae","Asterales","Magnoliopsida","Tracheophyta","Plantae"
328,"forest hound's-tongue",7,0.0121143595541916,"Hackelia latifolia","Boraginaceae","Boraginales","Magnoliopsida","Tracheophyta","Plantae"
329,"forest mint",7,0.0139234372476175,"Mentha laxiflora","Lamiaceae","Lamiales","Magnoliopsida","Tracheophyta","Plantae"
330,"forest nightshade",4,0.0128573736068487,"Solanum prinophyllum","Solanaceae","Solanales","Magnoliopsida","Tracheophyta","Plantae"
331,"forest speedwell",3,0.0135034727830722,"Veronica notabilis","Plantaginaceae","Lamiales","Magnoliopsida","Tracheophyta","Plantae"
332,"forest starwort",5,0.0790502342109514,"Stellaria flaccida","Caryophyllaceae","Caryophyllales","Magnoliopsida","Tracheophyta","Plantae"
333,"forest/hairy buttercup",7,0.033661767081247,"Ranunculus plebeius","Ranunculaceae","Ranunculales","Magnoliopsida","Tracheophyta","Plantae"
334,"forked sundew",2,0.00319819092230657,"Drosera binata","Droseraceae","Caryophyllales","Magnoliopsida","Tracheophyta","Plantae"
337,"fringed caraway",6,0.00342432563398482,"Oreomyrrhis ciliata","Apiaceae","Apiales","Magnoliopsida","Tracheophyta","Plantae"
342,"frosted goosefoot",7,0.0178969471813923,"Chenopodium desertorum","Amaranthaceae","Caryophyllales","Magnoliopsida","Tracheophyta","Plantae"
343,"furrowed bedstraw",7,0.00177677273461476,"Galium liratum","Rubiaceae","Gentianales","Magnoliopsida","Tracheophyta","Plantae"
345,"fuzzy new holland daisy",5,0.014020352124051,"Vittadinia cuneata","Asteraceae","Asterales","Magnoliopsida","Tracheophyta","Plantae"
347,"germander raspwort",7,0.0856081408496204,"Gonocarpus teucrioides","Haloragaceae","Saxifragales","Magnoliopsida","Tracheophyta","Plantae"
350,"glandular brooklime",7,0.00274592149895009,"Gratiola pubescens","Plantaginaceae","Lamiales","Magnoliopsida","Tracheophyta","Plantae"
352,"glaucous goosefoot",6,0.00251978678727185,"Chenopodium glaucum","Amaranthaceae","Caryophyllales","Magnoliopsida","Tracheophyta","Plantae"
354,"globular pigweed",1,0.00103375868195768,"Dysphania glomulifera subsp. glomulifera","Amaranthaceae","Caryophyllales","Magnoliopsida","Tracheophyta","Plantae"
355,"gnat orchid",6,0.00927152317880795,"Cyrtostylis reniformis","Orchidaceae","Asparagales","Liliopsida","Tracheophyta","Plantae"
358,"golden everlasting",6,0.0163140041996446,"Xerochrysum bracteatum","Asteraceae","Asterales","Magnoliopsida","Tracheophyta","Plantae"
359,"golden moths",6,0.00413503472783072,"Diuris chryseopsis","Orchidaceae","Asparagales","Liliopsida","Tracheophyta","Plantae"
360,"golden pennants",7,0.00843159424971733,"Glischrocaryon behrii","Haloragaceae","Saxifragales","Magnoliopsida","Tracheophyta","Plantae"
362,"golden weather-glass",2,0.00507187853335487,"Hypoxis hygrometrica","Hypoxidaceae","Asparagales","Liliopsida","Tracheophyta","Plantae"
365,"grampians triggerplant",7,0.00171216281699241,"Stylidium soboliferum","Stylidiaceae","Asterales","Magnoliopsida","Tracheophyta","Plantae"
367,"granite buttercup",6,0.0117913099660798,"Ranunculus graniticola","Ranunculaceae","Ranunculales","Magnoliopsida","Tracheophyta","Plantae"
368,"grass bindweed",5,0.00723631077370376,"Convolvulus remotus","Convolvulaceae","Solanales","Magnoliopsida","Tracheophyta","Plantae"
369,"grass cushion",7,0.00881925375545146,"Isoetopsis graminifolia","Asteraceae","Asterales","Magnoliopsida","Tracheophyta","Plantae"
371,"grassland crane's-bill",6,0.0174123727992247,"Geranium retrorsum","Geraniaceae","Geraniales","Magnoliopsida","Tracheophyta","Plantae"
372,"grassland velleia",6,0.000613794217412373,"Goodenia arguta","Goodeniaceae","Asterales","Magnoliopsida","Tracheophyta","Plantae"
373,"grassland wood-sorrel",7,0.08916168631885,"Oxalis perennans","Oxalidaceae","Oxalidales","Magnoliopsida","Tracheophyta","Plantae"
375,"green-comb spider-orchid",7,0.00384429009853012,"Caladenia dilatata","Orchidaceae","Asparagales","Liliopsida","Tracheophyta","Plantae"
377,"green billy-buttons",6,0.00352124051041835,"Craspedia aurantia var. jamesii","Asteraceae","Asterales","Magnoliopsida","Tracheophyta","Plantae"
378,"green bird-orchid",7,0.00339202067517364,"Chiloglottis cornuta","Orchidaceae","Asparagales","Liliopsida","Tracheophyta","Plantae"
383,"grey germander",6,0.00507187853335487,"Teucrium racemosum","Lamiaceae","Lamiales","Magnoliopsida","Tracheophyta","Plantae"
384,"grey podolepis",6,0.00268131158132773,"Podolepis aristata subsp. affinis","Asteraceae","Asterales","Magnoliopsida","Tracheophyta","Plantae"
385,"grey willow-herb",7,0.0167985785818123,"Epilobium billardiereanum subsp. cinereum","Onagraceae","Myrtales","Magnoliopsida","Tracheophyta","Plantae"
388,"gunn's alpine buttercup",7,0.00255209174608302,"Ranunculus gunnianus","Ranunculaceae","Ranunculales","Magnoliopsida","Tracheophyta","Plantae"
389,"gunn's willow-herb",3,0.00910999838475206,"Epilobium gunnianum","Onagraceae","Myrtales","Magnoliopsida","Tracheophyta","Plantae"
391,"hairy annual-bluebell",7,0.00361815538685188,"Wahlenbergia gracilenta","Campanulaceae","Asterales","Magnoliopsida","Tracheophyta","Plantae"
392,"hairy bedstraw",7,0.00600872233887902,"Galium ciliare","Rubiaceae","Gentianales","Magnoliopsida","Tracheophyta","Plantae"
393,"hairy bluebush",7,0.00691326118559199,"Maireana pentagona","Amaranthaceae","Caryophyllales","Magnoliopsida","Tracheophyta","Plantae"
394,"hairy burr-daisy",7,0.0178646422225812,"Calotis hispidula","Asteraceae","Asterales","Magnoliopsida","Tracheophyta","Plantae"
395,"hairy buttercup",2,0.00203521240510418,"Ranunculus scapiger","Ranunculaceae","Ranunculales","Magnoliopsida","Tracheophyta","Plantae"
396,"hairy carpet-weed",6,0.000419964464545308,"Glinus lotoides","Molluginaceae","Caryophyllales","Magnoliopsida","Tracheophyta","Plantae"
398,"hairy fan-flower",7,0.0204167339686642,"Scaevola ramosissima","Goodeniaceae","Asterales","Magnoliopsida","Tracheophyta","Plantae"
399,"hairy forget-me-not",6,0.00132450331125828,"Plagiobothrys elachanthus","Boraginaceae","Boraginales","Magnoliopsida","Tracheophyta","Plantae"
400,"hairy knotweed",6,0.00171216281699241,"Persicaria subsessilis","Polygonaceae","Caryophyllales","Magnoliopsida","Tracheophyta","Plantae"
401,"hairy mitrewort",7,0.00536262316265547,"Mitrasacme pilosa","Loganiaceae","Gentianales","Magnoliopsida","Tracheophyta","Plantae"
402,"hairy pennywort",6,0.126086254240026,"Hydrocotyle hirta","Apiaceae","Apiales","Magnoliopsida","Tracheophyta","Plantae"
403,"hairy plantain",7,0.00284283637538362,"Plantago hispida","Plantaginaceae","Lamiales","Magnoliopsida","Tracheophyta","Plantae"
404,"hairy raspwort",5,0.00077531901146826,"Gonocarpus mezianus","Haloragaceae","Saxifragales","Magnoliopsida","Tracheophyta","Plantae"
405,"hairy sheep's burr",7,0.0104345016960103,"Acaena agnipila","Rosaceae","Rosales","Magnoliopsida","Tracheophyta","Plantae"
406,"hairy solenogyne",7,0.00529801324503311,"Solenogyne gunnii","Asteraceae","Asterales","Magnoliopsida","Tracheophyta","Plantae"
407,"hairy speedwell",7,0.0539492812146665,"Veronica calycina","Plantaginaceae","Lamiales","Magnoliopsida","Tracheophyta","Plantae"
408,"hairy stinkweed",6,0.00510418349216605,"Opercularia hispida","Rubiaceae","Gentianales","Magnoliopsida","Tracheophyta","Plantae"
409,"hairy stylewort",7,0.00423194960426425,"Levenhookia dubia","Stylidiaceae","Asterales","Magnoliopsida","Tracheophyta","Plantae"
410,"hairy tails",7,0.00232595703440478,"Ptilotus erubescens","Amaranthaceae","Caryophyllales","Magnoliopsida","Tracheophyta","Plantae"
411,"hairy willow-herb",7,0.00891616863188499,"Epilobium hirtigerum","Onagraceae","Myrtales","Magnoliopsida","Tracheophyta","Plantae"
413,"hard-head daisy",6,0.0279114844128574,"Brachyscome lineariloba","Asteraceae","Asterales","Magnoliopsida","Tracheophyta","Plantae"
414,"hare orchid",7,0.00142141818769181,"Leptoceras menziesii","Orchidaceae","Asparagales","Liliopsida","Tracheophyta","Plantae"
415,"hawkbit fireweed",7,0.00155063802293652,"Senecio picridioides","Asteraceae","Asterales","Magnoliopsida","Tracheophyta","Plantae"
418,"hidden violet",7,0.0127927636892263,"Viola cleistogamoides","Violaceae","Malpighiales","Magnoliopsida","Tracheophyta","Plantae"
419,"highland picris",7,0.00119528347601357,"Picris angustifolia subsp. merxmuelleri","Asteraceae","Asterales","Magnoliopsida","Tracheophyta","Plantae"
421,"hoary sunray",7,0.00520109836859958,"Leucochrysum albicans","Asteraceae","Asterales","Magnoliopsida","Tracheophyta","Plantae"
423,"hood orchid",4,0.00216443224034889,"Caladenia cucullata","Orchidaceae","Asparagales","Liliopsida","Tracheophyta","Plantae"
427,"hundreds and thousands",4,0.00113067355839121,"Stylidium despectum","Stylidiaceae","Asterales","Magnoliopsida","Tracheophyta","Plantae"
428,"hyacinth orchid",6,0.0150864157648199,"Dipodium punctatum","Orchidaceae","Asparagales","Liliopsida","Tracheophyta","Plantae"
433,"incense plant",7,0.00271361654013891,"Calomeria amaranthoides","Asteraceae","Asterales","Magnoliopsida","Tracheophyta","Plantae"
435,"indian weed",7,0.013471167824261,"Sigesbeckia orientalis subsp. orientalis","Asteraceae","Asterales","Magnoliopsida","Tracheophyta","Plantae"
438,"inland pigface",7,0.00452269423356485,"Carpobrotus modestus","Aizoaceae","Caryophyllales","Magnoliopsida","Tracheophyta","Plantae"
442,"ivy-leaf violet",7,0.296688741721854,"Viola hederacea","Violaceae","Malpighiales","Magnoliopsida","Tracheophyta","Plantae"
443,"ivy goodenia",5,0.0176708124697141,"Goodenia hederacea","Goodeniaceae","Asterales","Magnoliopsida","Tracheophyta","Plantae"
444,"ixodia",6,0.00255209174608302,"Ixodia achillaeoides","Asteraceae","Asterales","Magnoliopsida","Tracheophyta","Plantae"
445,"jagged bitter-cress",7,0.00145372314650299,"Rorippa laciniata","Brassicaceae","Brassicales","Magnoliopsida","Tracheophyta","Plantae"
446,"jagged fireweed",7,0.00768858019706025,"Senecio biserratus","Asteraceae","Asterales","Magnoliopsida","Tracheophyta","Plantae"
448,"jersey cudweed",6,0.0165078339525117,"Laphangium luteoalbum","Asteraceae","Asterales","Magnoliopsida","Tracheophyta","Plantae"
449,"karkalla",6,0.00591180746244549,"Carpobrotus rossii","Aizoaceae","Caryophyllales","Magnoliopsida","Tracheophyta","Plantae"
450,"kidney-weed",6,0.117751574866742,"Dichondra repens","Convolvulaceae","Solanales","Magnoliopsida","Tracheophyta","Plantae"
453,"kopata",7,0.00439347439832014,"Pelargonium inodorum","Geraniaceae","Geraniales","Magnoliopsida","Tracheophyta","Plantae"
459,"lamb tails",4,0.000613794217412373,"Ptilotus semilanatus","Amaranthaceae","Caryophyllales","Magnoliopsida","Tracheophyta","Plantae"
462,"lanky goodenia",6,0.00452269423356485,"Goodenia elongata","Goodeniaceae","Asterales","Magnoliopsida","Tracheophyta","Plantae"
466,"large-fruited millotia",6,0.000710709093845905,"Millotia macrocarpa","Asteraceae","Asterales","Magnoliopsida","Tracheophyta","Plantae"
469,"large duck-orchid",7,0.00174446777580359,"Caleana major","Orchidaceae","Asparagales","Liliopsida","Tracheophyta","Plantae"
476,"large tongue-orchid",7,0.00510418349216605,"Cryptostylis subulata","Orchidaceae","Asparagales","Liliopsida","Tracheophyta","Plantae"
481,"leafy daisy",6,0.00371507026328541,"Brachyscome rigidula","Asteraceae","Asterales","Magnoliopsida","Tracheophyta","Plantae"
482,"leafy fireweed",7,0.00109836859958004,"Senecio squarrosus","Asteraceae","Asterales","Magnoliopsida","Tracheophyta","Plantae"
485,"leek lily",7,0.00785010499111614,"Bulbine semibarbata","Asphodelaceae","Asparagales","Liliopsida","Tracheophyta","Plantae"
486,"lemon beauty-heads",4,0.0151833306412534,"Calocephalus citreus","Asteraceae","Asterales","Magnoliopsida","Tracheophyta","Plantae"
487,"leopard orchid",7,0.00494265869811016,"Diuris pardina","Orchidaceae","Asparagales","Liliopsida","Tracheophyta","Plantae"
488,"lesser joyweed",6,0.0123404942658698,"Alternanthera denticulata","Amaranthaceae","Caryophyllales","Magnoliopsida","Tracheophyta","Plantae"
491,"lilac lily",6,0.00216443224034889,"Schelhammera undulata","Colchicaceae","Liliales","Liliopsida","Tracheophyta","Plantae"
494,"lobe-seed daisy",7,0.00090453884671297,"Brachyscome dentata","Asteraceae","Asterales","Magnoliopsida","Tracheophyta","Plantae"
496,"long-style bitter-cress",7,0.00203521240510418,"Rorippa gigantea","Brassicaceae","Brassicales","Magnoliopsida","Tracheophyta","Plantae"
502,"magenta stork's-bill",6,0.0105314165724439,"Pelargonium rodneyanum","Geraniaceae","Geraniales","Magnoliopsida","Tracheophyta","Plantae"
505,"mallee fringe-lily",5,0.0096268777257309,"Thysanotus baueri","Anthericaceae","Asparagales","Liliopsida","Tracheophyta","Plantae"
509,"mallee rush-lily",5,0.00484574382167663,"Tricoryne tenella","Hemerocallidaceae","Asparagales","Liliopsida","Tracheophyta","Plantae"
511,"mallee spider-orchid",6,0.00113067355839121,"Caladenia verrucosa","Orchidaceae","Asparagales","Liliopsida","Tracheophyta","Plantae"
514,"maori bedstraw",7,0.0293652075593604,"Galium leiocarpum","Rubiaceae","Gentianales","Magnoliopsida","Tracheophyta","Plantae"
516,"maroonhood",7,0.00652560167985786,"Pterostylis pedunculata","Orchidaceae","Asparagales","Liliopsida","Tracheophyta","Plantae"
518,"mat raspwort",6,0.0128573736068487,"Gonocarpus montanus","Haloragaceae","Saxifragales","Magnoliopsida","Tracheophyta","Plantae"
519,"mat saltbush",6,0.00219673719916007,"Atriplex pumilio","Amaranthaceae","Caryophyllales","Magnoliopsida","Tracheophyta","Plantae"
520,"mat water-milfoil",7,0.00365046034566306,"Myriophyllum pedunculatum","Haloragaceae","Saxifragales","Magnoliopsida","Tracheophyta","Plantae"
522,"matted nertera",6,0.00397350993377483,"Nertera granadensis","Rubiaceae","Gentianales","Magnoliopsida","Tracheophyta","Plantae"
523,"matted pratia",6,0.0156032951057987,"Lobelia pedunculata","Campanulaceae","Asterales","Magnoliopsida","Tracheophyta","Plantae"
524,"matted st john's wort",5,0.0213212728153772,"Hypericum japonicum","Clusiaceae","Malpighiales","Magnoliopsida","Tracheophyta","Plantae"
527,"mauve leek-orchid",5,0.00226134711678243,"Prasophyllum suttonii","Orchidaceae","Asparagales","Liliopsida","Tracheophyta","Plantae"
529,"mayfly orchid",3,0.00290744629300598,"Acianthus caudatus","Orchidaceae","Asparagales","Liliopsida","Tracheophyta","Plantae"
530,"mayweed sunray",6,0.00116297851720239,"Hyalosperma praecox","Asteraceae","Asterales","Magnoliopsida","Tracheophyta","Plantae"
531,"mealy saltbush",6,0.000581489258601195,"Atriplex pseudocampanulata","Amaranthaceae","Caryophyllales","Magnoliopsida","Tracheophyta","Plantae"
533,"midget greenhood",6,0.00177677273461476,"Pterostylis mutica","Orchidaceae","Asparagales","Liliopsida","Tracheophyta","Plantae"
535,"milkmaids",7,0.0972379260216443,"Burchardia umbellata","Colchicaceae","Liliales","Liliopsida","Tracheophyta","Plantae"
537,"milky beauty-heads",5,0.00368276530447424,"Calocephalus lacteus","Asteraceae","Asterales","Magnoliopsida","Tracheophyta","Plantae"
538,"minnie daisy",7,0.0031658859634954,"Minuria leptophylla","Asteraceae","Asterales","Magnoliopsida","Tracheophyta","Plantae"
539,"moss sunray",6,0.00726861573251494,"Hyalosperma demissum","Asteraceae","Asterales","Magnoliopsida","Tracheophyta","Plantae"
540,"mossy knawel",6,0.0031658859634954,"Scleranthus singuliflorus","Caryophyllaceae","Caryophyllales","Magnoliopsida","Tracheophyta","Plantae"
541,"mossy pennywort",7,0.00155063802293652,"Hydrocotyle muscosa","Apiaceae","Apiales","Magnoliopsida","Tracheophyta","Plantae"
542,"mossy woodruff",7,0.00335971571636246,"Asperula minima","Rubiaceae","Gentianales","Magnoliopsida","Tracheophyta","Plantae"
543,"mountain aciphyll",1,0.00193829752867065,"Aciphylla simplicifolia","Apiaceae","Apiales","Magnoliopsida","Tracheophyta","Plantae"
546,"mountain cotula",7,0.0423841059602649,"Leptinella filicula","Asteraceae","Asterales","Magnoliopsida","Tracheophyta","Plantae"
551,"mountain fireweed",7,0.0195445000807624,"Senecio gunnii","Asteraceae","Asterales","Magnoliopsida","Tracheophyta","Plantae"
552,"mountain gentian",7,0.00869003392020675,"Gentianella diemensis","Gentianaceae","Gentianales","Magnoliopsida","Tracheophyta","Plantae"
554,"mountain hood-orchid",6,0.00203521240510418,"Caladenia alpina","Orchidaceae","Asparagales","Liliopsida","Tracheophyta","Plantae"
556,"mountain pennywort",6,0.00571797770957842,"Hydrocotyle algida","Apiaceae","Apiales","Magnoliopsida","Tracheophyta","Plantae"
557,"mountain plantain",6,0.00245517686964949,"Plantago antarctica","Plantaginaceae","Lamiales","Magnoliopsida","Tracheophyta","Plantae"
559,"mountain velleia",4,0.00300436116943951,"Goodenia montana","Goodeniaceae","Asterales","Magnoliopsida","Tracheophyta","Plantae"
560,"mountain willow-herb",7,0.000969148764335325,"Epilobium sarmentaceum","Onagraceae","Myrtales","Magnoliopsida","Tracheophyta","Plantae"
561,"mountain woodruff",7,0.0375706670973995,"Asperula gunnii","Rubiaceae","Gentianales","Magnoliopsida","Tracheophyta","Plantae"
563,"mud dock",2,0.00423194960426425,"Rumex bidens","Polygonaceae","Caryophyllales","Magnoliopsida","Tracheophyta","Plantae"
564,"mud pratia",7,0.0018736876110483,"Lobelia surrepens","Campanulaceae","Asterales","Magnoliopsida","Tracheophyta","Plantae"
565,"mueller's snow-gentian",6,0.0015829429817477,"Gentianella muelleriana","Gentianaceae","Gentianales","Magnoliopsida","Tracheophyta","Plantae"
566,"mulla mulla",3,0.00345663059279599,"Ptilotus nobilis","Amaranthaceae","Caryophyllales","Magnoliopsida","Tracheophyta","Plantae"
567,"musk hood-orchid",7,0.00565336779195607,"Caladenia moschata","Orchidaceae","Asparagales","Liliopsida","Tracheophyta","Plantae"
569,"naked bluebell",5,0.00313358100468422,"Wahlenbergia gymnoclada","Campanulaceae","Asterales","Magnoliopsida","Tracheophyta","Plantae"
572,"narrow-leaf cumbungi",7,0.00555645291552253,"Typha domingensis","Typhaceae","Poales","Liliopsida","Tracheophyta","Plantae"
573,"narrow-leaf dock",7,0.00342432563398482,"Rumex tenax","Polygonaceae","Caryophyllales","Magnoliopsida","Tracheophyta","Plantae"
574,"narrow-leaf nardoo",7,0.0015829429817477,"Marsilea costulifera","Marsileaceae","Salviniales","Polypodiopsida","Tracheophyta","Plantae"
576,"narrow-leaf sida",7,0.00125989339363592,"Sida trichopoda","Malvaceae","Malvales","Magnoliopsida","Tracheophyta","Plantae"
580,"narrow plantain",7,0.0118882248425133,"Plantago gaudichaudii","Plantaginaceae","Lamiales","Magnoliopsida","Tracheophyta","Plantae"
581,"narrow thread-petal",6,0.0137942174123728,"Stenopetalum lineare","Brassicaceae","Brassicales","Magnoliopsida","Tracheophyta","Plantae"
582,"native flax",6,0.00759166532062672,"Linum marginale","Linaceae","Malpighiales","Magnoliopsida","Tracheophyta","Plantae"
585,"native peppercress",3,0.00125989339363592,"Lepidium pseudohyssopifolium","Brassicaceae","Brassicales","Magnoliopsida","Tracheophyta","Plantae"
586,"native picris",5,0.0161524794055888,"Picris angustifolia","Asteraceae","Asterales","Magnoliopsida","Tracheophyta","Plantae"
588,"native sow-thistle",7,0.00193829752867065,"Sonchus hydrophilus","Asteraceae","Asterales","Magnoliopsida","Tracheophyta","Plantae"
591,"nodding blue-lily",6,0.0256178323372638,"Stypandra glauca","Hemerocallidaceae","Asparagales","Liliopsida","Tracheophyta","Plantae"
592,"nodding chocolate-lily",7,0.0102729769019544,"Arthropodium fimbriatum","Anthericaceae","Asparagales","Liliopsida","Tracheophyta","Plantae"
593,"nodding greenhood",7,0.0105960264900662,"Pterostylis nutans","Orchidaceae","Asparagales","Liliopsida","Tracheophyta","Plantae"
594,"nodding saltbush",7,0.0433855596834114,"Einadia nutans","Amaranthaceae","Caryophyllales","Magnoliopsida","Tracheophyta","Plantae"
595,"notched onion-orchid",6,0.00155063802293652,"Microtis arenaria","Orchidaceae","Asparagales","Liliopsida","Tracheophyta","Plantae"
596,"notched twin-leaf",7,0.00113067355839121,"Roepera crenata","Zygophyllaceae","Zygophyllales","Magnoliopsida","Tracheophyta","Plantae"
600,"orange everlasting",4,0.00859311904377322,"Xerochrysum subundulatum","Asteraceae","Asterales","Magnoliopsida","Tracheophyta","Plantae"
601,"orange immortelle",6,0.00368276530447424,"Waitzia acuminata var. acuminata","Asteraceae","Asterales","Magnoliopsida","Tracheophyta","Plantae"
602,"orange sunray",6,0.00342432563398482,"Hyalosperma semisterile","Asteraceae","Asterales","Magnoliopsida","Tracheophyta","Plantae"
604,"pacific azolla",7,0.00697787110321434,"Azolla rubra","Azollaceae","Salviniales","Polypodiopsida","Tracheophyta","Plantae"
606,"pale beauty-heads",7,0.00413503472783072,"Calocephalus sonderi","Asteraceae","Asterales","Magnoliopsida","Tracheophyta","Plantae"
607,"pale everlasting",3,0.0225488612502019,"Coronidium monticola","Asteraceae","Asterales","Magnoliopsida","Tracheophyta","Plantae"
608,"pale goodenia",5,0.00206751736391536,"Goodenia glauca","Goodeniaceae","Asterales","Magnoliopsida","Tracheophyta","Plantae"
609,"pale grass-lily",7,0.0149895008883864,"Caesia parviflora","Hemerocallidaceae","Asparagales","Liliopsida","Tracheophyta","Plantae"
610,"pale knotweed",5,0.0018736876110483,"Persicaria lapathifolia","Polygonaceae","Caryophyllales","Magnoliopsida","Tracheophyta","Plantae"
611,"pale sundew",4,0.0499111613632693,"Drosera peltata s.l.","Droseraceae","Caryophyllales","Magnoliopsida","Tracheophyta","Plantae"
612,"pale swamp everlasting",7,0.00125989339363592,"Coronidium gunnianum","Asteraceae","Asterales","Magnoliopsida","Tracheophyta","Plantae"
613,"pale twin-leaf",7,0.00271361654013891,"Roepera glauca","Zygophyllaceae","Zygophyllales","Magnoliopsida","Tracheophyta","Plantae"
614,"pale vanilla-lily",6,0.0303020513648845,"Arthropodium milleflorum","Anthericaceae","Asparagales","Liliopsida","Tracheophyta","Plantae"
616,"paper sunray",7,0.00794701986754967,"Rhodanthe corymbiflora","Asteraceae","Asterales","Magnoliopsida","Tracheophyta","Plantae"
618,"parson's bands",7,0.00397350993377483,"Eriochilus cucullatus","Orchidaceae","Asparagales","Liliopsida","Tracheophyta","Plantae"
619,"pea thread-petal",6,0.00691326118559199,"Stenopetalum sphaerocarpum","Brassicaceae","Brassicales","Magnoliopsida","Tracheophyta","Plantae"
621,"pigmy purslane",7,0.00759166532062672,"Calandrinia granulifera","Portulacaceae","Caryophyllales","Magnoliopsida","Tracheophyta","Plantae"
622,"pink bindweed",5,0.0280407042481021,"Convolvulus erubescens","Convolvulaceae","Solanales","Magnoliopsida","Tracheophyta","Plantae"
623,"pink bladderwort",6,0.00106606364076886,"Utricularia tenella","Lentibulariaceae","Lamiales","Magnoliopsida","Tracheophyta","Plantae"
625,"pink fingers",7,0.0188337909869165,"Caladenia carnea","Orchidaceae","Asparagales","Liliopsida","Tracheophyta","Plantae"
627,"pink purslane",6,0.00423194960426425,"Calandrinia calyptrata","Portulacaceae","Caryophyllales","Magnoliopsida","Tracheophyta","Plantae"
632,"plain sun-orchid",7,0.00300436116943951,"Thelymitra nuda","Orchidaceae","Asparagales","Liliopsida","Tracheophyta","Plantae"
637,"plains wood-sorrel",2,0.00161524794055888,"Oxalis chnoodes","Oxalidaceae","Oxalidales","Magnoliopsida","Tracheophyta","Plantae"
640,"poached-eggs daisy",7,0.00710709093845905,"Polycalymma stuartii","Asteraceae","Asterales","Magnoliopsida","Tracheophyta","Plantae"
641,"poison lobelia",7,0.0103052818607656,"Lobelia pratioides","Campanulaceae","Asterales","Magnoliopsida","Tracheophyta","Plantae"
642,"poison pratia",6,0.00471652398643192,"Lobelia concolor","Campanulaceae","Asterales","Magnoliopsida","Tracheophyta","Plantae"
643,"pomax",6,0.00794701986754967,"Pomax umbellata","Rubiaceae","Gentianales","Magnoliopsida","Tracheophyta","Plantae"
645,"prickfoot",6,0.00529801324503311,"Eryngium vesiculosum","Apiaceae","Apiales","Magnoliopsida","Tracheophyta","Plantae"
647,"prickly saltwort",5,0.0164755289937005,"Salsola tragus","Amaranthaceae","Caryophyllales","Magnoliopsida","Tracheophyta","Plantae"
648,"prickly starwort",7,0.0780487804878049,"Stellaria pungens","Caryophyllaceae","Caryophyllales","Magnoliopsida","Tracheophyta","Plantae"
649,"prickly woodruff",7,0.0480697787110321,"Asperula scoparia subsp. scoparia","Rubiaceae","Gentianales","Magnoliopsida","Tracheophyta","Plantae"
650,"purple beard-orchid",5,0.0060410272976902,"Calochilus robertsonii","Orchidaceae","Asparagales","Liliopsida","Tracheophyta","Plantae"
652,"purple crassula",7,0.00219673719916007,"Crassula peduncularis","Crassulaceae","Saxifragales","Magnoliopsida","Tracheophyta","Plantae"
653,"purple diuris",7,0.000613794217412373,"Diuris punctata var. punctata","Orchidaceae","Asparagales","Liliopsida","Tracheophyta","Plantae"
654,"purple eyebright",6,0.0118882248425133,"Euphrasia collina","Orobanchaceae","Lamiales","Magnoliopsida","Tracheophyta","Plantae"
655,"purple fireweed",6,0.00381198513971895,"Arrhenechthites mixtus","Asteraceae","Asterales","Magnoliopsida","Tracheophyta","Plantae"
657,"purple loosestrife",7,0.00222904215797125,"Lythrum salicaria","Lythraceae","Myrtales","Magnoliopsida","Tracheophyta","Plantae"
659,"purple trachymene",1,0.00335971571636246,"Trachymene cyanopetala","Apiaceae","Apiales","Magnoliopsida","Tracheophyta","Plantae"
660,"pussy tails",6,0.00552414795671136,"Ptilotus spathulatus","Amaranthaceae","Caryophyllales","Magnoliopsida","Tracheophyta","Plantae"
661,"pygmy sunray",7,0.0137942174123728,"Rhodanthe pygmaea","Asteraceae","Asterales","Magnoliopsida","Tracheophyta","Plantae"
662,"quena",6,0.00326280083992893,"Solanum esuriale","Solanaceae","Solanales","Magnoliopsida","Tracheophyta","Plantae"
665,"rabbit ears",4,0.00345663059279599,"Thelymitra antennifera","Orchidaceae","Asparagales","Liliopsida","Tracheophyta","Plantae"
666,"rabbit tails",1,0.0080439347439832,"Ptilotus seminudus","Amaranthaceae","Caryophyllales","Magnoliopsida","Tracheophyta","Plantae"
667,"rainforest crane's-bill",7,0.00849620416733969,"Geranium homeanum","Geraniaceae","Geraniales","Magnoliopsida","Tracheophyta","Plantae"
668,"rayless daisy",6,0.0080439347439832,"Brachyscome perpusilla","Asteraceae","Asterales","Magnoliopsida","Tracheophyta","Plantae"
669,"rayless starwort",7,0.0028751413341948,"Stellaria multiflora","Caryophyllaceae","Caryophyllales","Magnoliopsida","Tracheophyta","Plantae"
671,"red-beaks",7,0.00371507026328541,"Pyrorchis nigricans","Orchidaceae","Asparagales","Liliopsida","Tracheophyta","Plantae"
677,"red water-milfoil",7,0.00251978678727185,"Myriophyllum verrucosum","Haloragaceae","Saxifragales","Magnoliopsida","Tracheophyta","Plantae"
678,"reflexed bedstraw",4,0.0241641091907608,"Galium binifolium","Rubiaceae","Gentianales","Magnoliopsida","Tracheophyta","Plantae"
681,"river bluebell",7,0.00626716200936844,"Wahlenbergia fluminalis","Campanulaceae","Asterales","Magnoliopsida","Tracheophyta","Plantae"
682,"river buttercup",7,0.00536262316265547,"Ranunculus inundatus","Ranunculaceae","Ranunculales","Magnoliopsida","Tracheophyta","Plantae"
683,"river mint",7,0.00310127604587304,"Mentha australis","Lamiaceae","Lamiales","Magnoliopsida","Tracheophyta","Plantae"
687,"robust willow-herb",7,0.00226134711678243,"Epilobium billardiereanum subsp. hydrophilum","Onagraceae","Myrtales","Magnoliopsida","Tracheophyta","Plantae"
689,"rock groundsel",6,0.0010014537231465,"Senecio pinnatifolius var. pinnatifolius","Asteraceae","Asterales","Magnoliopsida","Tracheophyta","Plantae"
690,"rock isotome",3,0.00235826199321596,"Isotoma axillaris","Campanulaceae","Asterales","Magnoliopsida","Tracheophyta","Plantae"
693,"rosetted crane's-bill",6,0.00332741075755128,"Geranium antrorsum","Geraniaceae","Geraniales","Magnoliopsida","Tracheophyta","Plantae"
694,"rosy hyacinth-orchid",6,0.00193829752867065,"Dipodium roseum","Orchidaceae","Asparagales","Liliopsida","Tracheophyta","Plantae"
697,"rough bedstraw",5,0.0377644968502665,"Galium gaudichaudii","Rubiaceae","Gentianales","Magnoliopsida","Tracheophyta","Plantae"
698,"rough burr-daisy",4,0.00281053141657244,"Calotis scabiosifolia","Asteraceae","Asterales","Magnoliopsida","Tracheophyta","Plantae"
699,"rough crane's-bill",7,0.0015829429817477,"Geranium gardneri","Geraniaceae","Geraniales","Magnoliopsida","Tracheophyta","Plantae"
701,"rough fireweed",7,0.0281376191245356,"Senecio hispidulus","Asteraceae","Asterales","Magnoliopsida","Tracheophyta","Plantae"
702,"rough raspwort",5,0.00429655952188661,"Haloragis aspera","Haloragaceae","Saxifragales","Magnoliopsida","Tracheophyta","Plantae"
703,"round water-starwort",6,0.00394120497496366,"Callitriche muelleri","Plantaginaceae","Lamiales","Magnoliopsida","Tracheophyta","Plantae"
704,"rounded noon-flower",6,0.0188984009045388,"Disphyma crassifolium subsp. clavellatum","Aizoaceae","Caryophyllales","Magnoliopsida","Tracheophyta","Plantae"
705,"royal bluebell",2,0.0115651752544016,"Wahlenbergia gloriosa","Campanulaceae","Asterales","Magnoliopsida","Tracheophyta","Plantae"
706,"running marsh-flower",7,0.00988531739622032,"Ornduffia reniformis","Menyanthaceae","Asterales","Magnoliopsida","Tracheophyta","Plantae"
707,"running postman",4,0.0199321595864965,"Kennedia prostrata","Fabaceae","Fabales","Magnoliopsida","Tracheophyta","Plantae"
709,"rush lily",7,0.00216443224034889,"Sowerbaea juncea","Anthericaceae","Asparagales","Liliopsida","Tracheophyta","Plantae"
711,"salmon sun-orchid",5,0.00397350993377483,"Thelymitra rubra","Orchidaceae","Asparagales","Liliopsida","Tracheophyta","Plantae"
712,"saloop",6,0.00901308350831853,"Einadia hastata","Amaranthaceae","Caryophyllales","Magnoliopsida","Tracheophyta","Plantae"
714,"salt lawrencia",5,0.00064609917622355,"Lawrencia spicata","Malvaceae","Malvales","Magnoliopsida","Tracheophyta","Plantae"
715,"salt pratia",5,0.00361815538685188,"Lobelia irrigua","Campanulaceae","Asterales","Magnoliopsida","Tracheophyta","Plantae"
717,"salt sea-spurrey",7,0.00151833306412534,"Spergularia brevifolia","Caryophyllaceae","Caryophyllales","Magnoliopsida","Tracheophyta","Plantae"
721,"sand twin-leaf",7,0.00423194960426425,"Roepera ammophila","Zygophyllaceae","Zygophyllales","Magnoliopsida","Tracheophyta","Plantae"
722,"sandhill goodenia",6,0.00626716200936844,"Goodenia willisiana","Goodeniaceae","Asterales","Magnoliopsida","Tracheophyta","Plantae"
723,"sarcozona",6,0.00284283637538362,"Sarcozona praecox","Aizoaceae","Caryophyllales","Magnoliopsida","Tracheophyta","Plantae"
724,"satin everlasting",6,0.0271038604425779,"Helichrysum leucopsideum","Asteraceae","Asterales","Magnoliopsida","Tracheophyta","Plantae"
726,"scaly buttons",2,0.0341463414634146,"Leptorhynchos squamatus","Asteraceae","Asterales","Magnoliopsida","Tracheophyta","Plantae"
730,"scarlet sundew",6,0.00843159424971733,"Drosera glanduligera","Droseraceae","Caryophyllales","Magnoliopsida","Tracheophyta","Plantae"
731,"scented groundsel",6,0.00293975125181715,"Senecio odoratus","Asteraceae","Asterales","Magnoliopsida","Tracheophyta","Plantae"
732,"scented leek-orchid",5,0.00116297851720239,"Prasophyllum odoratum s.l.","Orchidaceae","Asparagales","Liliopsida","Tracheophyta","Plantae"
734,"scented sundew",7,0.041318042319496,"Drosera aberrans","Droseraceae","Caryophyllales","Magnoliopsida","Tracheophyta","Plantae"
735,"scrub nettle",6,0.0418672266192861,"Urtica incisa","Urticaceae","Rosales","Magnoliopsida","Tracheophyta","Plantae"
737,"sea celery",6,0.00872233887901793,"Apium prostratum","Apiaceae","Apiales","Magnoliopsida","Tracheophyta","Plantae"
739,"shade nettle",7,0.0580197060248748,"Australina pusilla","Urticaceae","Rosales","Magnoliopsida","Tracheophyta","Plantae"
740,"shade pellitory",7,0.00558875787433371,"Parietaria debilis","Urticaceae","Rosales","Magnoliopsida","Tracheophyta","Plantae"
742,"shade plantain",6,0.0210628331448877,"Plantago debilis","Plantaginaceae","Lamiales","Magnoliopsida","Tracheophyta","Plantae"
743,"shade raspwort",1,0.0552091746083024,"Gonocarpus humilis","Haloragaceae","Saxifragales","Magnoliopsida","Tracheophyta","Plantae"
744,"shady wood-sorrel",6,0.0547892101437571,"Oxalis exilis","Oxalidaceae","Oxalidales","Magnoliopsida","Tracheophyta","Plantae"
746,"sharp midge-orchid",7,0.000969148764335325,"Corunastylis despectans","Orchidaceae","Asparagales","Liliopsida","Tracheophyta","Plantae"
747,"sheep's burr",3,0.0422548861250202,"Acaena echinata","Rosaceae","Rosales","Magnoliopsida","Tracheophyta","Plantae"
748,"shield pennywort",7,0.00119528347601357,"Hydrocotyle verticillata","Apiaceae","Apiales","Magnoliopsida","Tracheophyta","Plantae"
750,"shining buttercup",7,0.00167985785818123,"Ranunculus glabrifolius","Ranunculaceae","Ranunculales","Magnoliopsida","Tracheophyta","Plantae"
751,"shining cudweed",7,0.00090453884671297,"Argyrotegium nitidulum","Asteraceae","Asterales","Magnoliopsida","Tracheophyta","Plantae"
752,"shining pennywort",4,0.0180584719754482,"Hydrocotyle sibthorpioides","Apiaceae","Apiales","Magnoliopsida","Tracheophyta","Plantae"
753,"shiny buttons",5,0.00222904215797125,"Leptorhynchos nitidulus","Asteraceae","Asterales","Magnoliopsida","Tracheophyta","Plantae"
754,"shiny everlasting",6,0.010919076078178,"Xerochrysum viscosum","Asteraceae","Asterales","Magnoliopsida","Tracheophyta","Plantae"
755,"shiny swamp-mat",6,0.0145695364238411,"Goodenia radicans","Goodeniaceae","Asterales","Magnoliopsida","Tracheophyta","Plantae"
758,"short cress",7,0.000839928929090615,"Harmsiodoxa brevipes var. brevipes","Brassicaceae","Brassicales","Magnoliopsida","Tracheophyta","Plantae"
761,"showy podolepis",6,0.00064609917622355,"Podolepis jaceoides","Asteraceae","Asterales","Magnoliopsida","Tracheophyta","Plantae"
762,"showy violet",7,0.0563398481666936,"Viola betonicifolia","Violaceae","Malpighiales","Magnoliopsida","Tracheophyta","Plantae"
763,"showy willow-herb",5,0.00300436116943951,"Epilobium pallidiflorum","Onagraceae","Myrtales","Magnoliopsida","Tracheophyta","Plantae"
764,"showy/basalt  podolepis",4,0.00374737522209659,"Podolepis jaceoides","Asteraceae","Asterales","Magnoliopsida","Tracheophyta","Plantae"
765,"shrubby fireweed",5,0.0477144241641092,"Senecio minimus","Asteraceae","Asterales","Magnoliopsida","Tracheophyta","Plantae"
766,"sickle greenhood",6,0.00180907769342594,"Pterostylis falcata","Orchidaceae","Asparagales","Liliopsida","Tracheophyta","Plantae"
767,"sieber crassula",6,0.0443547084477467,"Crassula sieberiana","Crassulaceae","Saxifragales","Magnoliopsida","Tracheophyta","Plantae"
768,"silky goodenia",5,0.00125989339363592,"Goodenia fascicularis","Goodeniaceae","Asterales","Magnoliopsida","Tracheophyta","Plantae"
770,"silky snow-daisy",7,0.000743014052657083,"Celmisia sericophylla","Asteraceae","Asterales","Magnoliopsida","Tracheophyta","Plantae"
772,"silver astelia",5,0.00681634630915846,"Astelia alpina var. novae-hollandiae","Asteliaceae","Asparagales","Liliopsida","Tracheophyta","Plantae"
774,"silver daisy",7,0.0285575835890809,"Celmisia costiniana","Asteraceae","Asterales","Magnoliopsida","Tracheophyta","Plantae"
777,"silver snow-daisy",7,0.0018736876110483,"Celmisia tomentella","Asteraceae","Asterales","Magnoliopsida","Tracheophyta","Plantae"
778,"sky lily",7,0.00135680827006946,"Herpolirion novae-zelandiae","Hemerocallidaceae","Asparagales","Liliopsida","Tracheophyta","Plantae"
780,"slender-fruit saltbush",2,0.00720400581489259,"Atriplex leptocarpa","Amaranthaceae","Caryophyllales","Magnoliopsida","Tracheophyta","Plantae"
782,"slender bitter-cress",7,0.00184138265223712,"Cardamine tenuifolia","Brassicaceae","Brassicales","Magnoliopsida","Tracheophyta","Plantae"
783,"slender bottle-daisy",7,0.0272330802778226,"Lagenophora sublyrata","Asteraceae","Asterales","Magnoliopsida","Tracheophyta","Plantae"
784,"slender buttercup",6,0.0018736876110483,"Ranunculus robertsonii","Ranunculaceae","Ranunculales","Magnoliopsida","Tracheophyta","Plantae"
789,"slender dock",6,0.0354385398158617,"Rumex brownii","Polygonaceae","Caryophyllales","Magnoliopsida","Tracheophyta","Plantae"
790,"slender fireweed",7,0.0702955903731223,"Senecio microbasis","Asteraceae","Asterales","Magnoliopsida","Tracheophyta","Plantae"
792,"slender goodenia",6,0.00277822645776127,"Goodenia gracilis","Goodeniaceae","Asterales","Magnoliopsida","Tracheophyta","Plantae"
794,"slender groundsel",5,0.0191245356162171,"Senecio glossanthus","Asteraceae","Asterales","Magnoliopsida","Tracheophyta","Plantae"
795,"slender knotweed",7,0.0127281537716039,"Persicaria decipiens","Polygonaceae","Caryophyllales","Magnoliopsida","Tracheophyta","Plantae"
797,"slender mint",7,0.00171216281699241,"Mentha diemenica","Lamiaceae","Lamiales","Magnoliopsida","Tracheophyta","Plantae"
798,"slender monkey-flower",4,0.000678404135034728,"Mimulus gracilis","Phrymaceae","Lamiales","Magnoliopsida","Tracheophyta","Plantae"
799,"slender onion-orchid",5,0.00465191406880956,"Microtis parviflora","Orchidaceae","Asparagales","Liliopsida","Tracheophyta","Plantae"
800,"slender pennywort",7,0.00907769342594088,"Hydrocotyle tripartita","Apiaceae","Apiales","Magnoliopsida","Tracheophyta","Plantae"
803,"slender platysace",3,0.0186076562752382,"Platysace heterophylla var. heterophylla","Apiaceae","Apiales","Magnoliopsida","Tracheophyta","Plantae"
805,"slender speedwell",6,0.0130188984009045,"Veronica gracilis","Plantaginaceae","Lamiales","Magnoliopsida","Tracheophyta","Plantae"
806,"slender stackhousia",3,0.00177677273461476,"Stackhousia viminea","Celastraceae","Celastrales","Magnoliopsida","Tracheophyta","Plantae"
808,"slender sun-orchid",6,0.0200936843805524,"Thelymitra pauciflora","Orchidaceae","Asparagales","Liliopsida","Tracheophyta","Plantae"
810,"slender tick-trefoil",7,0.00235826199321596,"Desmodium varians","Fabaceae","Fabales","Magnoliopsida","Tracheophyta","Plantae"
815,"slender yellow-eye",7,0.00323049588111775,"Xyris gracilis","Xyridaceae","Poales","Liliopsida","Tracheophyta","Plantae"
816,"small-flower goodenia",7,0.00836698433209498,"Goodenia pusilliflora","Goodeniaceae","Asterales","Magnoliopsida","Tracheophyta","Plantae"
822,"small-leaf goosefoot",6,0.00452269423356485,"Chenopodium desertorum subsp. microphyllum","Amaranthaceae","Caryophyllales","Magnoliopsida","Tracheophyta","Plantae"
824,"small chocolate-lily",7,0.000452269423356485,"Arthropodium sp. 3 (aff. strictum)","Anthericaceae","Asparagales","Liliopsida","Tracheophyta","Plantae"
827,"small gnat-orchid",5,0.00284283637538362,"Cyrtostylis reniformis","Orchidaceae","Asparagales","Liliopsida","Tracheophyta","Plantae"
829,"small knotweed",4,0.0015829429817477,"Polygonum plebeium","Polygonaceae","Caryophyllales","Magnoliopsida","Tracheophyta","Plantae"
830,"small loosestrife",5,0.0285898885478921,"Lythrum hyssopifolia","Lythraceae","Myrtales","Magnoliopsida","Tracheophyta","Plantae"
832,"small mosquito-orchid",7,0.00132450331125828,"Acianthus pusillus","Orchidaceae","Asparagales","Liliopsida","Tracheophyta","Plantae"
833,"small mud-mat",7,0.00051687934097884,"Glossostigma elatinoides","Phrymaceae","Lamiales","Magnoliopsida","Tracheophyta","Plantae"
836,"small pennywort",7,0.00959457276691972,"Hydrocotyle callicarpa","Apiaceae","Apiales","Magnoliopsida","Tracheophyta","Plantae"
837,"small poranthera",3,0.145372314650299,"Poranthera microphylla","Euphorbiaceae","Malpighiales","Magnoliopsida","Tracheophyta","Plantae"
838,"small purslane",7,0.0233564852204813,"Calandrinia eremaea","Portulacaceae","Caryophyllales","Magnoliopsida","Tracheophyta","Plantae"
839,"small river buttercup",7,0.00613794217412373,"Ranunculus amphitrichus","Ranunculaceae","Ranunculales","Magnoliopsida","Tracheophyta","Plantae"
841,"small saltbush",1,0.00119528347601357,"Atriplex eardleyae","Amaranthaceae","Caryophyllales","Magnoliopsida","Tracheophyta","Plantae"
846,"small st john's wort",5,0.13277338071394,"Hypericum gramineum","Clusiaceae","Malpighiales","Magnoliopsida","Tracheophyta","Plantae"
848,"small swamp-daisy",7,0.00345663059279599,"Allittia uliginosa","Asteraceae","Asterales","Magnoliopsida","Tracheophyta","Plantae"
849,"small tongue-orchid",7,0.0048780487804878,"Cryptostylis leptochila","Orchidaceae","Asparagales","Liliopsida","Tracheophyta","Plantae"
851,"small vanilla-lily",4,0.0102729769019544,"Arthropodium minus","Anthericaceae","Asparagales","Liliopsida","Tracheophyta","Plantae"
853,"small wrinklewort",7,0.00484574382167663,"Siloxerus multiflorus","Asteraceae","Asterales","Magnoliopsida","Tracheophyta","Plantae"
856,"smooth minuria",7,0.00064609917622355,"Minuria integerrima","Asteraceae","Asterales","Magnoliopsida","Tracheophyta","Plantae"
858,"smooth solenogyne",6,0.0177354223873365,"Solenogyne dominii","Asteraceae","Asterales","Magnoliopsida","Tracheophyta","Plantae"
859,"smooth sunray",7,0.00180907769342594,"Rhodanthe laevis","Asteraceae","Asterales","Magnoliopsida","Tracheophyta","Plantae"
860,"smooth willow-herb",7,0.00429655952188661,"Epilobium billardiereanum subsp. billardiereanum","Onagraceae","Myrtales","Magnoliopsida","Tracheophyta","Plantae"
861,"snow aciphyll",7,0.00429655952188661,"Aciphylla glacialis","Apiaceae","Apiales","Magnoliopsida","Tracheophyta","Plantae"
862,"snow daisy",6,0.00597641738006784,"Brachyscome nivalis","Asteraceae","Asterales","Magnoliopsida","Tracheophyta","Plantae"
865,"snowdrop wood-sorrel",7,0.00239056695202714,"Oxalis magellanica","Oxalidaceae","Oxalidales","Magnoliopsida","Tracheophyta","Plantae"
868,"soft crane's-bill",7,0.127346147633662,"Geranium potentilloides","Geraniaceae","Geraniales","Magnoliopsida","Tracheophyta","Plantae"
869,"soft millotia",7,0.0146018413826522,"Millotia tenuifolia var. tenuifolia","Asteraceae","Asterales","Magnoliopsida","Tracheophyta","Plantae"
872,"southern tick-trefoil",7,0.0251332579550961,"Desmodium gunnii","Fabaceae","Fabales","Magnoliopsida","Tracheophyta","Plantae"
878,"spoon cudweed",7,0.0123404942658698,"Stuartina muelleri","Asteraceae","Asterales","Magnoliopsida","Tracheophyta","Plantae"
879,"spoon daisy",7,0.0108544661605556,"Brachyscome spathulata","Asteraceae","Asterales","Magnoliopsida","Tracheophyta","Plantae"
880,"spotted knotweed",7,0.0057502826683896,"Persicaria praetermissa","Polygonaceae","Caryophyllales","Magnoliopsida","Tracheophyta","Plantae"
881,"spotted sun-orchid",5,0.0083346793732838,"Thelymitra ixioides s.s.","Orchidaceae","Asparagales","Liliopsida","Tracheophyta","Plantae"
882,"sprawling bluebell",6,0.0521402035212405,"Wahlenbergia gracilis","Campanulaceae","Asterales","Magnoliopsida","Tracheophyta","Plantae"
883,"sprawling saltbush",7,0.0010014537231465,"Atriplex suberecta","Amaranthaceae","Caryophyllales","Magnoliopsida","Tracheophyta","Plantae"
885,"spreading crassula",4,0.012017444677758,"Crassula decumbens var. decumbens","Crassulaceae","Saxifragales","Magnoliopsida","Tracheophyta","Plantae"
891,"spreading sneezeweed",7,0.00329510579874011,"Centipeda minima subsp. minima","Asteraceae","Asterales","Magnoliopsida","Tracheophyta","Plantae"
892,"spur velleia",5,0.00313358100468422,"Goodenia paradoxa","Goodeniaceae","Asterales","Magnoliopsida","Tracheophyta","Plantae"
894,"squat picris",5,0.000710709093845905,"Picris squarrosa","Asteraceae","Asterales","Magnoliopsida","Tracheophyta","Plantae"
897,"stalked crassula",7,0.00216443224034889,"Crassula closiana","Crassulaceae","Saxifragales","Magnoliopsida","Tracheophyta","Plantae"
900,"star cudweed",6,0.0203521240510418,"Euchiton involucratus","Asteraceae","Asterales","Magnoliopsida","Tracheophyta","Plantae"
901,"star fruit",7,0.00190599256985947,"Damasonium minus","Alismataceae","Alismatales","Liliopsida","Tracheophyta","Plantae"
903,"sticky fleabane",6,0.0031658859634954,"Pappochroma nitidum","Asteraceae","Asterales","Magnoliopsida","Tracheophyta","Plantae"
904,"sticky long-heads",7,0.0142787917945405,"Podotheca angustifolia","Asteraceae","Asterales","Magnoliopsida","Tracheophyta","Plantae"
906,"stiff cup-flower",7,0.00723631077370376,"Pogonolepis muelleriana","Asteraceae","Asterales","Magnoliopsida","Tracheophyta","Plantae"
908,"stinking pennywort",6,0.0761750928767566,"Hydrocotyle laxiflora","Apiaceae","Apiales","Magnoliopsida","Tracheophyta","Plantae"
910,"stout-rooted wood-sorrel",7,0.00213212728153772,"Oxalis radicosa","Oxalidaceae","Oxalidales","Magnoliopsida","Tracheophyta","Plantae"
912,"strawberry buttercup",7,0.00155063802293652,"Ranunculus collinus","Ranunculaceae","Ranunculales","Magnoliopsida","Tracheophyta","Plantae"
913,"streaked rock-orchid",6,0.00077531901146826,"Dendrobium striolatum","Orchidaceae","Asparagales","Liliopsida","Tracheophyta","Plantae"
915,"summer greenhood",7,0.00261670166370538,"Pterostylis decurva","Orchidaceae","Asparagales","Liliopsida","Tracheophyta","Plantae"
917,"swamp billy-buttons",6,0.00232595703440478,"Craspedia paludicola","Asteraceae","Asterales","Magnoliopsida","Tracheophyta","Plantae"
919,"swamp crane's-bill",7,0.000807623970279438,"Geranium neglectum","Geraniaceae","Geraniales","Magnoliopsida","Tracheophyta","Plantae"
920,"swamp crassula",7,0.00975609756097561,"Crassula helmsii","Crassulaceae","Saxifragales","Magnoliopsida","Tracheophyta","Plantae"
921,"swamp daisy",6,0.00193829752867065,"Allittia cardiocarpa","Asteraceae","Asterales","Magnoliopsida","Tracheophyta","Plantae"
925,"swamp goodenia",7,0.00923921821999677,"Goodenia humilis","Goodeniaceae","Asterales","Magnoliopsida","Tracheophyta","Plantae"
926,"swamp isotome",7,0.00332741075755128,"Isotoma fluviatilis subsp. australis","Campanulaceae","Asterales","Magnoliopsida","Tracheophyta","Plantae"
928,"swamp lily",6,0.00109836859958004,"Ottelia ovalifolia subsp. ovalifolia","Hydrocharitaceae","Alismatales","Liliopsida","Tracheophyta","Plantae"
929,"swamp mazus",6,0.00209982232272654,"Mazus pumilio","Phrymaceae","Lamiales","Magnoliopsida","Tracheophyta","Plantae"
933,"swamp selaginella",7,0.0269746406073332,"Selaginella uliginosa","Selaginellaceae","Selaginellales","Lycopodiopsida","Tracheophyta","Plantae"
935,"swamp starwort",6,0.0057502826683896,"Stellaria angustifolia subsp. angustifolia","Caryophyllaceae","Caryophyllales","Magnoliopsida","Tracheophyta","Plantae"
939,"sweet forget-me-not",7,0.0010014537231465,"Myosotis exarrhena","Boraginaceae","Boraginales","Magnoliopsida","Tracheophyta","Plantae"
940,"sweet hound's-tongue",7,0.0114359554191568,"Hackelia suaveolens","Boraginaceae","Boraginales","Magnoliopsida","Tracheophyta","Plantae"
945,"tall bluebell",6,0.0539169762558553,"Wahlenbergia stricta subsp. stricta","Campanulaceae","Asterales","Magnoliopsida","Tracheophyta","Plantae"
947,"tall fireweed",6,0.00174446777580359,"Senecio runcinifolius","Asteraceae","Asterales","Magnoliopsida","Tracheophyta","Plantae"
948,"tall greenhood",5,0.0210628331448877,"Pterostylis melagramma","Orchidaceae","Asparagales","Liliopsida","Tracheophyta","Plantae"
950,"tall lobelia",6,0.011274430625101,"Lobelia gibbosa","Campanulaceae","Asterales","Magnoliopsida","Tracheophyta","Plantae"
953,"tall raspwort",6,0.00849620416733969,"Gonocarpus elatus","Haloragaceae","Saxifragales","Magnoliopsida","Tracheophyta","Plantae"
955,"tall sundew",7,0.0969471813923437,"Drosera auriculata","Droseraceae","Caryophyllales","Magnoliopsida","Tracheophyta","Plantae"
956,"tall vanilla-lily",6,0.0010014537231465,"Arthropodium sp. 1 (robust glaucous)","Anthericaceae","Asparagales","Liliopsida","Tracheophyta","Plantae"
957,"tall yellow-eye",6,0.00539492812146665,"Xyris operculata","Xyridaceae","Poales","Liliopsida","Tracheophyta","Plantae"
960,"tangled burr-daisy",4,0.00781780003230496,"Calotis erinacea","Asteraceae","Asterales","Magnoliopsida","Tracheophyta","Plantae"
965,"thick-head glasswort",4,0.00145372314650299,"Salicornia blackiana","Amaranthaceae","Caryophyllales","Magnoliopsida","Tracheophyta","Plantae"
968,"thin duckweed",7,0.00122758843482475,"Spirodela punctata","Lemnaceae","Alismatales","Liliopsida","Tracheophyta","Plantae"
970,"thread pennywort",5,0.000549184299790018,"Hydrocotyle capillaris","Apiaceae","Apiales","Magnoliopsida","Tracheophyta","Plantae"
971,"thread speedwell",5,0.000969148764335325,"Veronica subtilis","Plantaginaceae","Lamiales","Magnoliopsida","Tracheophyta","Plantae"
973,"thyme mitrewort",7,0.00164755289937005,"Mitrasacme serpyllifolia","Loganiaceae","Gentianales","Magnoliopsida","Tracheophyta","Plantae"
974,"thyme speedwell",7,0.00222904215797125,"Veronica serpyllifolia","Plantaginaceae","Lamiales","Magnoliopsida","Tracheophyta","Plantae"
975,"tiger orchid",6,0.00429655952188661,"Diuris sulphurea","Orchidaceae","Asparagales","Liliopsida","Tracheophyta","Plantae"
976,"tight bedstraw",7,0.00177677273461476,"Galium curvihirtum","Rubiaceae","Gentianales","Magnoliopsida","Tracheophyta","Plantae"
978,"tiny bow-flower",7,0.00226134711678243,"Millotia perpusilla","Asteraceae","Asterales","Magnoliopsida","Tracheophyta","Plantae"
979,"tiny cudweed",7,0.0018736876110483,"Gnaphalium indutum","Asteraceae","Asterales","Magnoliopsida","Tracheophyta","Plantae"
982,"tiny greenhood",1,0.00655790663866904,"Pterostylis parviflora","Orchidaceae","Asparagales","Liliopsida","Tracheophyta","Plantae"
985,"tiny mitrewort",3,0.000549184299790018,"Phyllangium distylis","Loganiaceae","Gentianales","Magnoliopsida","Tracheophyta","Plantae"
988,"tiny star",7,0.00381198513971895,"Pauridia glabella var. glabella","Hypoxidaceae","Asparagales","Liliopsida","Tracheophyta","Plantae"
989,"tiny sundew",5,0.00888386367307382,"Drosera pygmaea","Droseraceae","Caryophyllales","Magnoliopsida","Tracheophyta","Plantae"
990,"tiny violet",7,0.00688095622678081,"Viola sieberiana","Violaceae","Malpighiales","Magnoliopsida","Tracheophyta","Plantae"
991,"tiny water-milfoil",7,0.000581489258601195,"Myriophyllum integrifolium","Haloragaceae","Saxifragales","Magnoliopsida","Tracheophyta","Plantae"
993,"toothed raspwort",6,0.00145372314650299,"Haloragis odontocarpa","Haloragaceae","Saxifragales","Magnoliopsida","Tracheophyta","Plantae"
995,"trailing goodenia",6,0.0335325472460023,"Goodenia lanata","Goodeniaceae","Asterales","Magnoliopsida","Tracheophyta","Plantae"
996,"trailing hemichroa",6,0.00371507026328541,"Hemichroa pentandra","Amaranthaceae","Caryophyllales","Magnoliopsida","Tracheophyta","Plantae"
997,"trailing speedwell",4,0.0303020513648845,"Veronica plebeia","Plantaginaceae","Lamiales","Magnoliopsida","Tracheophyta","Plantae"
999,"trim greenhood",7,0.0028751413341948,"Pterostylis concinna","Orchidaceae","Asparagales","Liliopsida","Tracheophyta","Plantae"
1001,"tuft-rush",5,0.0012921983524471,"Oreobolus oxycarpus subsp. oxycarpus","Cyperaceae","Poales","Liliopsida","Tracheophyta","Plantae"
1002,"tufted bluebell",6,0.00717170085608141,"Wahlenbergia capillaris","Campanulaceae","Asterales","Magnoliopsida","Tracheophyta","Plantae"
1003,"tufted burr-daisy",7,0.00190599256985947,"Calotis scapigera","Asteraceae","Asterales","Magnoliopsida","Tracheophyta","Plantae"
1004,"tufted daisy",5,0.0057502826683896,"Brachyscome scapigera","Asteraceae","Asterales","Magnoliopsida","Tracheophyta","Plantae"
1005,"tufted knawel",5,0.0010014537231465,"Scleranthus diander","Caryophyllaceae","Caryophyllales","Magnoliopsida","Tracheophyta","Plantae"
1006,"tufted lily",6,0.00607333225650137,"Thelionema caespitosum","Hemerocallidaceae","Asparagales","Liliopsida","Tracheophyta","Plantae"
1008,"turquoise berry",7,0.0160555645291552,"Drymophila cyanocarpa","Luzuriagaceae","Liliales","Liliopsida","Tracheophyta","Plantae"
1010,"twiggy stinkweed",7,0.00245517686964949,"Opercularia turpis","Rubiaceae","Gentianales","Magnoliopsida","Tracheophyta","Plantae"
1011,"twin-flower knawel",7,0.0175738975932806,"Scleranthus biflorus","Caryophyllaceae","Caryophyllales","Magnoliopsida","Tracheophyta","Plantae"
1012,"twining purslane",6,0.00122758843482475,"Calandrinia volubilis","Portulacaceae","Caryophyllales","Magnoliopsida","Tracheophyta","Plantae"
1013,"twisted sun-orchid",6,0.00164755289937005,"Thelymitra flexuosa","Orchidaceae","Asparagales","Liliopsida","Tracheophyta","Plantae"
1016,"upright water-milfoil",5,0.00785010499111614,"Myriophyllum crispatum","Haloragaceae","Saxifragales","Magnoliopsida","Tracheophyta","Plantae"
1017,"variable billy-buttons",5,0.00174446777580359,"Craspedia variabilis","Asteraceae","Asterales","Magnoliopsida","Tracheophyta","Plantae"
1018,"variable crane's-bill",7,0.0022936520755936,"Geranium sp. 2","Geraniaceae","Geraniales","Magnoliopsida","Tracheophyta","Plantae"
1019,"variable daisy",7,0.0113067355839121,"Brachyscome ciliaris","Asteraceae","Asterales","Magnoliopsida","Tracheophyta","Plantae"
1021,"variable groundsel",7,0.0287837183007592,"Senecio pinnatifolius","Asteraceae","Asterales","Magnoliopsida","Tracheophyta","Plantae"
1022,"variable plantain",6,0.0290744629300598,"Plantago varia","Plantaginaceae","Lamiales","Magnoliopsida","Tracheophyta","Plantae"
1023,"variable sida",7,0.0163140041996446,"Sida corrugata","Malvaceae","Malvales","Magnoliopsida","Tracheophyta","Plantae"
1025,"variable stinkweed",5,0.0870295590373122,"Opercularia varia","Rubiaceae","Gentianales","Magnoliopsida","Tracheophyta","Plantae"
1027,"variable willow-herb",7,0.0326926183169116,"Epilobium billardiereanum","Onagraceae","Myrtales","Magnoliopsida","Tracheophyta","Plantae"
1029,"varied raspwort",6,0.0102083669843321,"Haloragis heterophylla","Haloragaceae","Saxifragales","Magnoliopsida","Tracheophyta","Plantae"
1031,"veined helmet-orchid",6,0.00148602810531417,"Corybas diemenicus","Orchidaceae","Asparagales","Liliopsida","Tracheophyta","Plantae"
1033,"veined plantain",5,0.00184138265223712,"Plantago alpestris","Plantaginaceae","Lamiales","Magnoliopsida","Tracheophyta","Plantae"
1035,"veined sun-orchid",6,0.00239056695202714,"Thelymitra cyanea","Orchidaceae","Asparagales","Liliopsida","Tracheophyta","Plantae"
1036,"velvet tobacco",5,0.00242287191083831,"Nicotiana velutina","Solanaceae","Solanales","Magnoliopsida","Tracheophyta","Plantae"
1037,"victorian buttercup",6,0.0025843967048942,"Ranunculus victoriensis","Ranunculaceae","Ranunculales","Magnoliopsida","Tracheophyta","Plantae"
1038,"violet fleabane",6,0.00723631077370376,"Pappochroma bellidioides","Asteraceae","Asterales","Magnoliopsida","Tracheophyta","Plantae"
1040,"wallflower orchid",7,0.00232595703440478,"Diuris orientis","Orchidaceae","Asparagales","Liliopsida","Tracheophyta","Plantae"
1041,"wandering bedstraw",7,0.00914230334356324,"Galium leptogonium","Rubiaceae","Gentianales","Magnoliopsida","Tracheophyta","Plantae"
1043,"water blinks",7,0.000549184299790018,"Montia fontana","Portulacaceae","Caryophyllales","Magnoliopsida","Tracheophyta","Plantae"
1046,"water pepper",5,0.00610563721531255,"Persicaria hydropiper","Polygonaceae","Caryophyllales","Magnoliopsida","Tracheophyta","Plantae"
1048,"water plantain",7,0.00394120497496366,"Alisma lanceolatum","Alismataceae","Alismatales","Liliopsida","Tracheophyta","Plantae"
1050,"water woodruff",4,0.00155063802293652,"Asperula subsimplex","Rubiaceae","Gentianales","Magnoliopsida","Tracheophyta","Plantae"
1051,"waterwort",3,0.00226134711678243,"Elatine gratioloides","Elatinaceae","Malpighiales","Magnoliopsida","Tracheophyta","Plantae"
1053,"wax-lip orchid",6,0.0169924083346794,"Glossodia major","Orchidaceae","Asparagales","Liliopsida","Tracheophyta","Plantae"
1054,"waxy bluebell",5,0.00274592149895009,"Wahlenbergia ceracea","Campanulaceae","Asterales","Magnoliopsida","Tracheophyta","Plantae"
1064,"white elderberry",7,0.0525601679857858,"Sambucus gaudichaudiana","Caprifoliaceae","Dipsacales","Magnoliopsida","Tracheophyta","Plantae"
1065,"white everlasting",3,0.00419964464545308,"Chrysocephalum baxteri","Asteraceae","Asterales","Magnoliopsida","Tracheophyta","Plantae"
1067,"white purslane",7,0.00723631077370376,"Montia australasica","Portulacaceae","Caryophyllales","Magnoliopsida","Tracheophyta","Plantae"
1069,"white sebaea",7,0.0012921983524471,"Sebaea albidiflora","Gentianaceae","Gentianales","Magnoliopsida","Tracheophyta","Plantae"
1075,"wing pennywort",7,0.00439347439832014,"Hydrocotyle pterocarpa","Apiaceae","Apiales","Magnoliopsida","Tracheophyta","Plantae"
1079,"wingless bluebush",5,0.0147956711355193,"Maireana enchylaenoides","Amaranthaceae","Caryophyllales","Magnoliopsida","Tracheophyta","Plantae"
1080,"wingwort",7,0.00077531901146826,"Ceratogyne obionoides","Asteraceae","Asterales","Magnoliopsida","Tracheophyta","Plantae"
1083,"wiry buttons",6,0.00988531739622032,"Leptorhynchos tenuifolius","Asteraceae","Asterales","Magnoliopsida","Tracheophyta","Plantae"
1084,"wiry dock",6,0.00681634630915846,"Rumex dumosus","Polygonaceae","Caryophyllales","Magnoliopsida","Tracheophyta","Plantae"
1085,"wiry mitrewort",7,0.00455499919237603,"Phyllangium divergens","Loganiaceae","Gentianales","Magnoliopsida","Tracheophyta","Plantae"
1086,"wiry podolepis",7,0.0129865934420934,"Podolepis capillaris","Asteraceae","Asterales","Magnoliopsida","Tracheophyta","Plantae"
1089,"woodland swamp-daisy",7,0.00410272976901954,"Brachyscome paludicola","Asteraceae","Asterales","Magnoliopsida","Tracheophyta","Plantae"
1090,"woolly-fruit bluebush",7,0.00371507026328541,"Eriochiton sclerolaenoides","Amaranthaceae","Caryophyllales","Magnoliopsida","Tracheophyta","Plantae"
1091,"woolly-heads",6,0.00297205621062833,"Myriocephalus rhizocephalus","Asteraceae","Asterales","Magnoliopsida","Tracheophyta","Plantae"
1093,"woolly everlasting",6,0.00226134711678243,"Argentipallium blandowskianum","Asteraceae","Asterales","Magnoliopsida","Tracheophyta","Plantae"
1094,"woolly goodenia",7,0.0031658859634954,"Goodenia robusta","Goodeniaceae","Asterales","Magnoliopsida","Tracheophyta","Plantae"
1097,"woolly new holland daisy",7,0.0129542884832822,"Vittadinia gracilis","Asteraceae","Asterales","Magnoliopsida","Tracheophyta","Plantae"
1102,"wrinkled buttons",7,0.00038765950573413,"Leiocarpa gatesii","Asteraceae","Asterales","Magnoliopsida","Tracheophyta","Plantae"
1103,"yam daisy",5,0.0402842836375384,"Microseris scapigera","Asteraceae","Asterales","Magnoliopsida","Tracheophyta","Plantae"
1105,"yellow bladderwort",7,0.00148602810531417,"Utricularia australis","Lentibulariaceae","Lamiales","Magnoliopsida","Tracheophyta","Plantae"
1109,"yellow pennywort",5,0.0134388628654498,"Hydrocotyle foveolata","Apiaceae","Apiales","Magnoliopsida","Tracheophyta","Plantae"
1110,"yellow rush-lily",7,0.0412857373606849,"Tricoryne elatior","Hemerocallidaceae","Asparagales","Liliopsida","Tracheophyta","Plantae"
1112,"yellow sebaea",7,0.00684865126796963,"Sebaea ovata","Gentianaceae","Gentianales","Magnoliopsida","Tracheophyta","Plantae"
1113,"yellow star",7,0.00726861573251494,"Pauridia vaginata","Hypoxidaceae","Asparagales","Liliopsida","Tracheophyta","Plantae"
1115,"yellow twin-heads",6,0.00222904215797125,"Eclipta platyglossa subsp. platyglossa","Asteraceae","Asterales","Magnoliopsida","Tracheophyta","Plantae"
1116,"yellow wood-sorrel",4,0.0622193506703279,"Oxalis perennans","Oxalidaceae","Oxalidales","Magnoliopsida","Tracheophyta","Plantae"
