CommonName,Long.1,Fire_K,Seed.2,Snow_K,WL_.6,Poll_Abiotic,Disp_Wind,Disp_Invert.ext.,Glycophyte
alpine buttons,0,0,1,0,0,0,1,0,0
alpine colobanth,0,1,0,0,0,1,0,1,1
alpine cotula,0,0,0,0,1,0,0,1,0
alpine crane's-bill,0,0,0,0,0,0,0,0,0
alpine cudweed,0,0,0,0,0,0,1,0,0
alpine fireweed,0,0,0,0,0,0,1,0,0
alpine grass-lily,0,0,1,0,1,0,0,1,1
alpine greenhood,0,0,1,0,0,0,1,0,0
alpine groundsel,0,0,0,0,0,0,1,0,0
alpine leek-orchid,0,0,1,0,0,0,1,0,0
alpine marianth,0,0,0,0,0,0,0,1,1
alpine marsh-marigold,0,0,0,0,1,0,0,0,1
alpine pennywort,0,0,1,0,1,0,0,1,1
alpine podolepis,0,0,1,0,0,0,1,0,0
alpine stackhousia,0,0,0,0,0,0,0,1,1
alpine sundew,0,1,0,0,1,0,0,1,1
alpine sunray,0,1,1,0,0,0,1,0,1
alpine trachymene,0,0,0,0,1,0,0,1,1
alpine tuft-rush,0,1,0,0,1,1,0,0,1
alpine water-milfoil,0,0,0,0,0,1,0,0,0
alpine woodruff,0,0,0,0,0,0,0,1,0
alpine yam-daisy,0,0,1,0,0,0,1,0,1
amphibious water-milfoil,0,0,0,0,0,1,0,0,0
angled lobelia,0,1,0,0,1,0,0,1,0
annual bitter-cress,0,1,0,0,0,0,0,1,0
annual bluebell,1,1,0,0,0,0,0,1,0
annual buttercup,1,1,0,0,0,0,0,0,0
annual buttons,1,1,0,1,0,0,1,0,0
annual celery,1,1,0,0,1,0,0,1,0
annual cudweed,1,1,0,0,0,0,1,0,0
annual everlasting,1,1,1,1,0,0,1,0,0
annual fireweed,0,1,0,0,0,0,1,0,0
annual new holland daisy,0,1,0,1,0,0,1,0,0
annual rice-flower,1,1,0,1,0,0,0,1,0
annual spinach,1,1,0,1,0,0,0,1,0
antelope greenhood,0,0,1,0,0,0,1,0,0
ashen billy-buttons,0,0,1,0,0,0,1,0,1
austral adder's-tongue,0,0,1,0,0,1,1,0,1
austral bear's-ear,0,0,0,0,0,0,0,1,1
austral brooklime,0,0,1,0,1,0,0,0,0
austral bugle,0,0,1,0,0,0,0,1,0
austral crane's-bill,0,0,0,0,0,0,0,0,0
austral forget-me-not,0,1,0,0,0,0,0,0,0
austral ladies' tresses,0,0,1,0,1,0,1,0,0
austral leek-orchid,0,0,1,1,1,0,1,0,0
austral mudwort,0,1,0,0,0,0,0,0,0
austral pillwort,0,0,0,0,1,1,0,0,0
austral stork's-bill,0,1,0,0,0,0,1,0,0
austral toad-flax,0,0,0,0,0,0,0,0,0
austral tobacco,0,1,0,0,0,0,0,1,0
austral trefoil,0,1,0,0,0,0,0,0,0
australian buttercup,0,0,0,0,0,0,0,0,0
australian caraway,0,0,1,0,0,0,0,1,1
australian carrot,1,1,0,0,0,0,0,0,0
australian gipsywort,0,0,1,0,1,0,0,0,0
australian hollyhock,0,1,0,1,0,0,0,1,0
australian hound's-tongue,0,1,0,0,0,0,0,0,0
australian lilaeopsis,0,0,1,0,0,0,0,0,0
australian piert,1,1,0,0,0,1,0,0,0
australian sheep's burr,0,0,0,0,0,1,0,0,0
australian stonecrop,1,1,1,0,0,1,1,0,0
autumn wasp-orchid,0,0,1,0,0,0,1,0,1
azure sun-orchid,0,0,1,1,0,0,1,0,0
babbagia,0,1,0,1,0,1,0,1,0
bald-seeded willow-herb,0,0,1,0,0,0,1,0,0
banded greenhood,0,0,1,1,0,0,1,0,0
basalt podolepis,0,0,1,0,0,0,1,0,0
basalt rustyhood,0,0,1,1,0,0,1,0,0
baw baw daisy,0,1,1,0,1,0,0,1,1
beaded glasswort,0,1,0,1,1,1,0,0,0
beaked fireweed,0,1,0,0,0,0,1,0,0
bear's-ear,0,0,0,0,0,0,0,1,0
bearded greenhood,0,0,1,0,0,0,1,0,0
bearded midge-orchid,0,0,1,1,0,0,1,0,0
beauglehole's triggerplant,1,1,0,1,0,0,0,0,1
beauty buttons,1,1,0,1,0,0,1,0,0
bent goodenia,0,0,0,0,0,0,0,1,0
berry saltbush,0,1,0,1,0,1,0,0,0
bidgee-widgee,0,0,1,0,0,1,0,0,0
black's goodenia,0,0,0,0,0,0,0,1,0
black-tip greenhood,0,0,1,0,0,0,1,0,0
black-tongue hood-orchid,0,0,1,0,0,0,1,0,0
blotched hyacinth-orchid,0,0,1,1,0,0,1,0,0
blotched sun-orchid,0,0,1,1,0,0,1,0,0
blue-spike milkwort,0,0,0,1,0,0,1,0,0
blue-star sun-orchid,0,0,1,0,1,0,1,0,0
blue-tongue greenhood,0,0,1,0,1,0,1,0,0
blue burr-daisy,0,0,1,1,0,0,0,0,0
blue devil,0,0,1,0,0,0,0,0,1
blue fairy,0,0,1,0,0,0,1,0,1
blue grass-lily,0,0,1,1,0,0,0,1,1
blue heron's-bill,1,1,0,1,0,0,0,0,0
blue pincushion,0,0,1,0,0,0,0,0,1
blue rod,0,0,0,1,0,0,0,0,0
blue stars,0,0,0,0,0,0,0,0,0
bluebeard orchid,0,0,1,0,0,0,1,0,1
bluish pigface,0,1,1,1,0,0,0,0,0
bluish raspwort,0,0,0,1,0,1,0,1,0
blunt everlasting,0,0,0,0,0,0,0,0,0
blunt greenhood,0,0,1,0,0,0,1,0,0
blunt pondweed,0,0,0,1,0,0,0,0,0
bog billy-buttons,0,0,1,0,0,0,1,0,1
bog buttercup,0,0,0,0,1,0,0,0,0
bog fleabane,0,0,0,0,1,0,1,0,0
bog willow-herb,0,1,1,0,1,0,1,0,0
bone coral-lichen,0,0,0,0,0,0,0,0,0
bonefruit,0,1,0,1,0,1,0,1,0
bonnet orchid,0,1,1,1,0,0,1,0,1
book triggerplant,1,1,0,1,0,0,0,0,1
bottle bluebush,0,0,0,1,0,1,1,0,0
brackish plains buttercup,0,0,0,1,1,0,0,0,0
branched caraway,0,1,1,0,0,0,0,1,1
branched everlasting,1,1,0,1,0,0,1,0,0
branched goodenia,0,0,0,1,0,0,0,1,0
branching bluebell,0,0,0,0,0,0,0,1,0
branching daisy,0,0,1,0,0,0,1,0,0
branching fringe-lily,0,0,1,1,0,0,0,0,1
branching groundsel,0,0,0,1,1,0,1,0,0
broad-leaf cumbungi,0,0,1,0,0,1,1,0,0
broad-leaf early nancy,0,0,1,1,0,0,0,0,0
broad-leaf millotia,1,1,0,0,0,0,1,0,0
broad-leaf pennywort,0,0,1,0,0,0,0,1,0
broad-leaf stinkweed,0,0,0,0,0,0,0,1,1
broad-lip diuris,0,0,1,1,0,0,1,0,0
broad-lip leek-orchid,0,0,1,0,0,0,1,0,0
broad eyebright,0,0,0,0,1,0,0,0,1
broad plantain,0,0,0,0,0,1,0,0,0
broad water-milfoil,0,1,0,0,1,1,0,0,0
bronze bluebell,0,0,0,0,0,0,0,1,0
broughton pea,0,0,0,0,0,0,1,0,0
brown-beaks,0,0,1,1,0,0,1,0,1
brown-clubbed spider-orchid,0,0,1,0,0,0,1,0,0
bulbine lily,0,0,1,0,0,0,0,0,0
bundled peppercress,1,1,0,1,0,0,0,0,0
burr-daisy,0,1,0,1,0,0,0,0,0
burr stickseed,1,1,0,1,0,0,0,0,0
bush minuria,0,0,1,0,0,0,1,0,0
bushy peppercress,0,1,0,1,0,0,0,0,0
buttercup pennywort,1,1,1,1,0,0,0,1,0
button everlasting,0,0,1,0,0,0,1,0,1
button immortelle,1,1,0,1,0,0,1,0,0
button wrinklewort,0,0,1,1,0,0,0,1,0
caltrop,0,1,0,1,0,0,0,0,0
camel bush,0,0,1,1,0,0,0,1,0
carpet snow-daisy,0,0,1,0,0,0,1,0,1
centella,0,0,1,0,1,0,0,0,0
chamomile sunray,0,1,0,0,0,0,1,0,0
chariot wheels,0,0,0,1,0,1,1,0,0
chocolate lily,0,0,1,0,0,0,0,0,0
cinnamon bells,0,0,1,0,0,0,1,0,1
clammy goosefoot,1,1,0,0,0,1,0,0,0
clay plantain,1,1,0,1,0,1,0,0,0
clay sunray,1,1,0,1,0,0,1,0,0
cliff cudweed,0,1,0,0,0,0,1,0,1
clove-strip,0,0,0,1,0,0,0,0,0
clover glycine,0,0,0,0,0,0,0,1,1
club-hair new holland daisy,0,1,0,0,0,0,1,0,0
clustered everlasting,0,0,1,0,0,0,1,0,0
clustered lily,0,0,0,1,0,0,0,0,1
clustered water-milfoil,1,1,0,1,1,1,0,0,0
clustered/creeping cudweed,0,0,0,0,0,0,1,0,0
coarse bottle-daisy,0,0,1,1,0,0,0,1,1
coarse stinkweed,0,0,0,0,0,0,0,1,1
coarse water-milfoil,0,0,0,0,0,1,0,0,0
coast bonefruit,0,1,0,1,1,1,0,0,0
coast colobanth,0,1,0,1,0,1,0,1,0
coast cotula,0,0,1,1,1,0,0,1,0
coast daisy,0,0,1,1,0,0,0,1,0
coast picris,0,0,0,0,0,0,1,0,0
coast saltwort,0,1,0,1,0,1,1,0,0
coast sand-spurrey,0,0,0,1,1,0,1,0,0
coast speedwell,0,0,1,1,0,0,0,0,0
coast stackhousia,0,1,0,1,0,0,0,1,0
coast stork's-bill,0,1,0,1,0,0,1,0,0
coast swainson-pea,0,0,0,1,0,0,1,0,0
coast tobacco,0,1,0,1,0,0,0,1,0
coastal greenhood,0,0,1,1,0,0,1,0,0
cobber weed,1,1,0,0,0,0,0,0,0
cobbler's tack,0,1,0,1,0,0,0,0,0
cobra greenhood,0,0,1,1,0,0,1,0,0
cockspur flower,0,1,1,1,0,0,0,1,1
common avens,0,0,0,0,0,0,0,0,0
common billy-buttons,0,0,1,0,1,0,1,0,1
common bird-orchid,0,0,1,0,0,0,1,0,1
common bitter-cress,0,0,0,0,0,0,0,0,0
common bottle-daisy,0,0,1,0,0,0,0,1,1
common bow-flower,1,1,0,0,0,0,1,0,0
common coral-lichen,0,0,0,0,0,0,0,0,0
common cotula,1,1,0,0,0,0,0,1,0
common cudweed,0,1,0,0,1,0,1,0,1
common duckweed,0,1,1,0,0,0,0,0,0
common early nancy,0,0,1,0,0,0,0,0,0
common everlasting,0,1,1,0,0,0,1,0,0
common fringe-lily,0,0,1,0,0,0,0,0,1
common joyweed,1,1,0,1,0,1,0,0,0
common nardoo,0,0,0,1,0,1,0,0,0
common onion-orchid,0,0,1,0,1,0,1,0,0
common pipewort,1,1,0,0,1,0,0,0,1
common purslane,1,1,0,1,0,0,0,0,0
common raspwort,0,0,0,0,0,1,0,1,1
common ruddyhood,0,0,1,0,0,0,1,0,0
common sneezeweed,0,1,0,0,0,0,0,0,0
common spider-orchid,0,0,1,1,0,0,1,0,0
common sunray,1,1,0,0,0,0,0,0,0
common verbena,0,1,0,0,0,0,0,0,0
common woodruff,0,0,0,0,1,0,0,1,0
copper beard-orchid,0,0,1,0,0,0,1,0,0
coral saltbush,0,1,0,1,0,1,1,0,0
cotton fireweed,0,0,0,0,0,0,1,0,0
cream spider-orchid,0,0,1,1,0,0,1,0,0
creamy stackhousia,0,0,0,0,0,0,0,1,1
creeping brookweed,0,0,0,0,1,0,0,0,0
creeping cotula,0,0,1,1,1,0,0,1,0
creeping cudweed,0,0,0,0,0,0,1,0,0
creeping fan-flower,0,1,0,0,0,0,0,1,0
creeping knotweed,0,0,0,0,1,0,0,0,0
creeping mint,0,0,1,0,1,0,0,1,0
creeping monkey-flower,0,0,0,0,0,0,0,0,0
creeping raspwort,0,0,0,0,1,1,0,1,0
crested goosefoot,1,1,0,1,0,1,0,0,0
crested sun-orchid,0,0,1,1,0,0,1,0,0
crimson billy-buttons,0,0,1,0,0,0,1,0,1
crimson spider-orchid,0,0,1,1,0,0,1,0,0
crimson sun-orchid,0,0,1,1,0,0,1,0,0
crimson tails,0,1,0,1,0,0,0,0,0
crowded greenhood,0,0,1,0,0,0,1,0,0
crowned plantain,1,1,0,1,0,1,0,0,0
cup velleia,1,1,0,1,0,0,0,1,0
curly pondweed,0,0,0,1,0,0,0,0,0
cushion knawel,1,1,0,1,0,1,0,1,1
cut-leaf burr-daisy,0,0,0,1,0,0,0,0,0
cut-leaf daisy,0,0,1,0,0,0,0,1,1
cut-leaf goodenia,0,0,0,0,0,0,0,1,0
daddy long-legs,0,0,1,0,0,0,1,0,0
dainty wasp-orchid,0,0,1,0,0,0,1,0,1
daisy goodenia,0,0,0,0,0,0,0,1,0
dark-tip greenhood,0,0,1,0,0,0,1,0,0
dark midge-orchid,0,0,1,1,0,0,1,0,0
dark plantain,1,1,0,1,0,1,0,0,0
darling lily,0,0,1,1,0,0,0,0,0
delicate crane's-bill,0,0,0,0,0,0,0,0,0
delicate new holland daisy,0,1,0,1,0,0,1,0,0
delicate podolepis,1,1,1,1,0,0,1,0,0
dense crassula,1,1,1,1,0,1,1,0,0
dense leek-orchid,0,0,1,1,0,0,1,0,0
derrinallum billy-buttons,1,0,1,1,0,0,1,0,1
derwent speedwell,0,0,1,0,0,0,0,0,1
desert rice-flower,1,1,0,1,0,0,0,1,1
desert sneezeweed,1,1,0,1,0,0,0,0,0
desert spinach,1,1,0,1,0,0,0,1,0
digger's speedwell,0,0,1,0,0,0,0,0,1
dissected fireweed,0,1,0,0,0,0,1,0,0
dissected new holland daisy,0,1,0,1,0,0,1,0,0
dookie daisy,1,1,1,1,0,0,0,1,0
downy daisy,1,1,1,0,0,0,0,1,0
downy swainson-pea,0,0,0,1,0,0,1,0,0
drumsticks,0,0,1,1,0,0,1,0,0
dune fan-flower,0,1,0,1,0,0,0,0,0
dune groundsel,0,0,0,1,0,0,1,0,0
dune thistle,0,0,0,1,0,0,1,0,0
dune wood-sorrel,0,1,0,1,0,0,0,0,0
dusky fingers,0,0,1,0,0,0,1,0,0
dusky scurf-pea,0,0,0,0,0,0,0,0,0
dusky violet,0,0,0,0,0,0,0,1,1
dwarf beauty-heads,1,1,0,1,0,0,1,0,1
dwarf bitter-cress,1,1,0,1,0,0,0,0,1
dwarf bluebush,0,0,0,1,0,1,0,0,0
dwarf brooklime,0,1,1,1,0,0,0,0,0
dwarf brunoniella,0,0,1,1,0,0,0,0,0
dwarf buttercup,0,0,0,0,1,0,0,0,0
dwarf cup-flower,1,1,0,1,0,0,0,1,0
dwarf daisy,1,1,1,1,0,0,0,1,0
dwarf grass-wrack,0,0,1,1,1,1,0,0,0
dwarf greenhood,0,0,1,0,0,0,1,0,0
dwarf lantern-flower,0,1,0,1,0,0,0,1,0
dwarf milkwort,0,0,0,0,0,0,0,1,0
dwarf nertera,0,0,0,0,0,0,0,0,0
dwarf skullcap,0,0,1,0,0,0,0,1,1
dwarf swainson-pea,0,1,0,1,0,0,0,0,0
dwarf trachymene,1,1,0,1,0,0,0,1,0
dwarf twin-leaf,1,1,0,1,0,0,1,0,0
dwarf wire-lily,0,1,0,0,0,0,0,0,0
early hood-orchid,0,0,1,0,0,0,1,0,0
earth cress,1,1,0,1,0,0,0,1,0
eastern bitter-cress,1,1,0,1,0,0,0,1,0
eastern bronzehood orchid,0,0,1,1,0,0,1,0,0
eastern nightshade,0,1,0,0,0,0,0,0,0
eel grass,0,0,0,1,0,1,0,0,0
eichler's buttercup,0,0,0,0,0,0,0,0,0
elatine sneezeweed,0,1,0,0,0,0,0,0,0
elbow orchid,0,1,1,0,0,0,1,0,1
elegant daisy,0,0,1,1,0,0,0,1,0
elegant spider-orchid,0,0,1,1,0,0,1,0,0
elfin midge-orchid,0,0,1,0,0,0,1,0,0
elongate woodruff,0,0,0,1,0,0,0,1,0
emerald-lip greenhood,0,1,1,1,0,0,1,0,0
entire marshwort,0,0,0,1,0,0,0,0,0
erect marsh-flower,0,0,0,1,0,0,0,0,0
erect peppercress,0,1,0,1,0,0,0,0,0
erect violet,0,0,0,1,0,0,0,1,0
fairies' aprons,0,0,0,0,1,0,0,0,0
fairy bluebell,0,0,0,0,0,0,0,1,0
fairy fan-flower,0,1,0,1,0,0,0,0,0
fairy lanterns,0,1,1,1,0,0,0,0,1
fairy spectacles,1,1,0,1,0,0,0,1,0
fan tuft-rush,0,1,0,0,1,1,0,0,1
feather heads,0,0,0,1,0,0,0,0,0
felted buttercup,0,0,0,0,0,0,0,0,0
fennel pondweed,0,0,0,1,0,0,0,0,0
ferny azolla,0,0,0,1,0,1,0,0,0
ferny small-flower buttercup,1,1,0,0,0,0,0,0,0
field daisy,0,0,1,0,0,0,0,1,0
finger-leaved daisy,1,1,1,1,0,0,0,1,0
fir clubmoss,0,1,1,0,0,1,1,0,1
fireweed groundsel,0,1,0,0,0,0,1,0,0
fisch's greenhood,0,0,1,0,0,0,1,0,0
flannel cudweed,1,1,0,1,0,0,0,0,0
flat spurge,0,1,0,0,0,0,0,1,0
fleshy groundsel,1,1,0,1,0,0,1,0,0
floating bur-reed,0,0,0,0,0,1,0,0,0
floating pondweed,0,0,0,1,0,0,0,0,0
floodplain rustyhood,0,0,1,1,0,0,1,0,0
fluffy-fruit wood-sorrel,0,1,0,0,0,0,0,0,0
forest bitter-cress,0,1,0,0,0,0,0,0,0
forest buttercup,0,0,0,0,0,0,0,0,0
forest germander,0,0,1,0,0,0,0,1,0
forest groundsel,0,1,0,0,0,0,1,0,0
forest hound's-tongue,0,0,0,0,0,0,0,0,1
forest mint,0,0,1,0,0,0,0,1,0
forest nightshade,0,1,0,0,0,0,0,0,0
forest speedwell,0,0,1,0,0,0,0,0,1
forest starwort,0,1,0,0,1,0,0,0,0
forest/hairy buttercup,0,0,0,0,0,0,0,0,0
forked sundew,0,0,0,1,1,0,0,1,1
fragrant leek-orchid,0,0,1,1,0,0,1,0,0
french island spider-orchid,0,0,1,1,0,0,1,0,0
fringed caraway,0,0,1,0,1,0,0,1,1
fringed hare-orchid,0,0,1,1,0,0,1,0,1
fringed helmet-orchid,0,0,1,1,0,0,1,0,0
fringed midge-orchid,0,0,1,1,0,0,1,0,0
fringed sun-orchid,0,0,1,1,0,0,1,0,0
frosted goosefoot,0,1,0,1,0,1,0,1,0
furrowed bedstraw,0,1,0,0,0,0,0,0,0
furrowed pondweed,0,0,0,1,0,0,0,0,0
fuzzy new holland daisy,0,1,0,0,0,0,1,0,0
garland lily,0,0,1,1,0,0,0,0,0
germander raspwort,0,0,0,0,0,1,0,1,1
giant new holland daisy,0,1,0,1,0,0,1,0,0
giant triggerplant,0,0,0,1,0,0,0,1,1
glandular brooklime,0,0,1,0,1,0,0,0,0
glandular early nancy,0,0,1,0,0,0,0,0,0
glaucous goosefoot,1,1,0,0,0,1,0,0,0
glistening dock,0,0,0,1,0,1,0,0,0
globular pigweed,1,1,0,0,0,1,0,0,0
gnat orchid,0,0,1,0,0,0,1,0,0
golden billy-buttons,0,1,1,1,0,0,1,0,0
golden cowslips,0,0,1,0,0,0,1,0,0
golden everlasting,0,0,0,0,0,0,0,1,0
golden moths,0,0,1,0,0,0,1,0,0
golden pennants,0,0,0,1,0,0,0,1,1
golden sunray,1,1,0,1,0,0,1,0,0
golden weather-glass,0,0,1,0,0,0,0,0,0
graceful leek-orchid,0,0,1,0,0,0,1,0,0
graceful sun-orchid,0,0,1,0,0,0,1,0,0
grampians triggerplant,0,1,0,0,0,0,0,1,1
granite bluebell,0,0,0,0,0,0,0,1,0
granite buttercup,0,0,0,0,0,0,0,0,0
grass bindweed,0,0,0,1,0,0,0,1,0
grass cushion,1,1,0,1,0,0,1,0,0
grass daisy,0,0,1,0,1,0,0,1,0
grassland crane's-bill,0,0,0,0,0,0,0,0,0
grassland velleia,0,1,0,1,0,0,0,1,0
grassland wood-sorrel,0,0,0,0,0,0,0,0,0
great sun-orchid,0,0,1,0,0,0,1,0,0
green-comb spider-orchid,0,0,1,0,0,0,1,0,0
green-striped greenhood,0,0,1,1,0,0,1,0,0
green billy-buttons,0,0,1,0,0,0,1,0,1
green bird-orchid,0,0,1,0,0,0,1,0,1
green leek-orchid,0,0,1,0,0,0,1,0,0
green midge-orchid,0,0,1,1,1,0,1,0,0
grey-green cudweed,0,0,0,0,0,0,1,0,0
grey billy-buttons,0,0,1,1,0,0,1,0,1
grey germander,0,0,1,1,0,0,0,1,0
grey podolepis,1,1,1,1,0,0,1,0,0
grey willow-herb,0,1,1,0,0,0,1,0,0
grey wrinklewort,0,0,1,1,0,0,0,1,0
groundheads,1,1,0,1,0,0,0,1,0
gunn's alpine buttercup,0,0,0,0,1,0,0,0,0
gunn's willow-herb,0,1,1,0,1,0,1,0,0
hairy angianthus,1,1,0,1,0,0,0,0,0
hairy annual-bluebell,1,1,0,0,0,0,0,1,0
hairy bedstraw,0,0,0,0,0,0,0,0,0
hairy bluebush,0,0,0,1,0,1,1,0,0
hairy burr-daisy,1,1,0,1,0,0,0,0,0
hairy buttercup,0,0,0,0,0,0,0,0,0
hairy carpet-weed,1,1,0,1,0,1,0,0,0
hairy eyebright,0,0,0,0,0,0,0,0,1
hairy fan-flower,0,1,0,0,0,0,0,0,0
hairy forget-me-not,1,1,0,1,0,0,0,0,0
hairy knotweed,0,0,0,0,1,0,0,0,0
hairy mitrewort,0,0,0,0,1,0,0,1,0
hairy pennywort,0,0,1,0,0,0,0,1,1
hairy plantain,0,0,0,0,0,0,0,0,0
hairy raspwort,0,0,0,0,0,1,0,1,0
hairy sheep's burr,0,0,0,0,0,1,0,0,0
hairy solenogyne,0,0,1,0,0,0,0,1,0
hairy speedwell,0,0,1,0,0,0,0,0,0
hairy stinkweed,0,0,0,0,0,0,0,1,1
hairy stylewort,1,1,0,0,0,0,0,0,0
hairy tails,0,0,0,1,0,0,0,0,0
hairy willow-herb,0,1,1,0,0,0,1,0,0
hairy/australian sheep's burr,0,0,0,0,0,1,0,0,0
hard-head daisy,1,1,1,1,0,0,0,1,0
hare orchid,0,0,1,0,0,0,1,0,1
hawkbit fireweed,1,1,0,1,0,0,1,0,0
heart-lip spider-orchid,0,0,1,1,0,0,1,0,0
heath xanthosia,0,0,0,0,0,0,0,1,0
hidden violet,0,0,0,1,0,0,0,1,1
highland picris,0,0,0,0,0,0,1,0,0
hoary scurf-pea,0,1,0,1,0,0,0,0,0
hoary sunray,0,1,1,0,0,0,1,0,1
honey hood-orchid,0,0,1,0,0,0,1,0,0
hood orchid,0,0,1,1,0,0,1,0,0
hooded water-milfoil,0,0,0,1,0,1,0,0,0
horned orchid,0,0,1,1,0,0,1,0,1
hornwort,0,0,0,0,0,0,0,0,0
hundreds and thousands,1,1,0,0,0,0,0,0,1
hyacinth orchid,0,0,1,0,0,0,1,0,0
hybrid burr,0,0,1,0,0,1,0,0,0
hybrid sun-orchid complex,0,0,1,1,0,0,1,0,0
hydrilla,0,0,0,1,0,1,0,0,0
hypsela,0,0,0,0,0,0,0,0,0
incense plant,0,1,0,0,0,0,0,1,0
indian cudweed,1,1,0,1,0,0,1,0,0
indian weed,1,1,0,0,0,0,0,0,1
inland buttercup,1,1,0,1,0,0,0,0,0
inland daisy,0,0,1,1,0,0,0,1,0
inland pigface,0,1,1,1,0,0,0,0,0
inland red-tip greenhood,0,0,1,1,0,0,1,0,0
island celery,0,1,1,1,0,0,0,0,0
ivy-leaf duckweed,0,1,1,1,0,0,0,0,0
ivy-leaf violet,0,0,0,0,0,0,0,1,1
ivy goodenia,0,0,0,0,0,0,0,1,0
ixodia,0,0,0,0,0,0,0,1,0
jagged bitter-cress,0,1,0,0,1,0,0,0,1
jagged fireweed,0,1,0,0,0,0,1,0,0
jerry-jerry,1,1,0,1,1,0,0,0,0
jersey cudweed,0,1,1,0,0,0,1,0,0
karkalla,0,1,1,1,0,0,0,0,0
kidney-weed,0,0,0,0,0,0,0,1,0
kilsyth south spider-orchid,0,0,1,1,0,0,1,0,0
kneed swainson-pea,0,0,0,1,0,0,0,0,0
kopata,1,1,0,0,0,0,1,0,0
lacey river buttercup,0,0,0,1,0,0,0,0,0
lady's mantle,0,0,0,0,0,1,0,0,0
lagoon nightshade,0,1,0,1,0,0,0,0,0
lagoon spurge,0,1,0,1,0,0,0,1,0
lake water-milfoil,0,0,0,1,0,1,0,0,0
lamb tails,0,0,0,1,0,0,0,0,0
lance-leaf groundsel,0,0,0,0,0,0,1,0,0
lanky buttons,0,0,0,0,0,0,1,0,0
lanky goodenia,0,1,0,0,1,0,0,1,0
large-flower amaranth,1,1,0,1,0,1,0,1,0
large-flowered annual-bluebell,1,1,0,1,0,0,0,1,0
large-fruit crassula,1,1,1,0,0,1,1,0,0
large-fruited millotia,1,1,0,0,0,0,1,0,0
large-headed fireweed,0,0,0,1,0,0,1,0,0
large autumn greenhood,0,0,1,0,0,0,1,0,0
large duck-orchid,0,0,1,0,0,0,1,0,1
large gnat-orchid,0,0,1,1,0,0,1,0,0
large mosquito-orchid,0,0,1,0,0,0,1,0,0
large mudwort,1,1,0,1,1,0,0,0,0
large river buttercup,0,0,0,0,1,0,0,0,0
large sickle greenhood,0,0,1,0,1,0,1,0,0
large striped greenhood,0,0,1,1,0,0,1,0,0
large tongue-orchid,0,1,1,0,0,0,1,0,1
large white spider-orchid,0,0,1,1,0,0,1,0,0
lax goosefoot,0,1,0,0,0,1,0,1,0
lax marsh-flower,0,0,0,1,1,0,0,0,0
leafless tongue-orchid,0,1,1,1,0,0,1,0,1
leafy daisy,0,0,1,0,0,0,0,1,0
leafy fireweed,0,0,0,1,0,0,1,0,0
leafy greenhood,0,0,1,0,0,0,1,0,0
leafy peppercress,0,1,0,1,0,0,0,0,0
leek lily,1,1,1,1,0,0,0,0,0
lemon beauty-heads,0,0,1,0,0,0,0,0,0
leopard orchid,0,0,1,0,0,0,1,0,0
lesser joyweed,0,1,0,0,1,1,0,0,0
lesser sea-spurrey,0,1,0,1,1,0,0,1,0
lilac bitter-cress,0,0,0,0,1,0,0,1,1
lilac lily,0,0,0,1,0,0,0,1,0
little pink spider-orchid,0,0,1,1,0,0,1,0,0
lizard orchid,0,0,1,1,1,0,1,0,1
lobe-seed daisy,0,0,1,1,0,0,0,1,0
lobed bluebush,0,0,0,1,0,1,1,0,0
long-style bitter-cress,0,1,0,0,0,0,0,0,1
long-tongue summer-greenhood,0,0,1,0,0,0,1,0,0
long clubmoss,0,1,1,0,0,1,1,0,0
long eryngium,0,0,1,1,0,0,0,0,1
long podolepis,0,0,1,0,0,0,1,0,0
long tails,0,1,0,1,0,0,0,0,0
magenta stork's-bill,0,0,0,0,0,0,1,0,0
mallee annual-bluebell,1,1,0,1,0,0,0,1,0
mallee cucumber,1,1,0,1,0,0,0,0,0
mallee fringe-lily,0,0,1,1,0,0,0,0,1
mallee midge-orchid,0,0,1,1,0,0,1,0,0
mallee pellitory,1,1,0,1,0,1,0,1,0
mallee pennywort,1,1,1,1,0,0,0,1,0
mallee rush-lily,0,0,0,1,0,0,0,0,1
mallee rustyhood,0,0,1,1,0,0,1,0,0
mallee spider-orchid,0,0,1,1,0,0,1,0,0
mallee trachymene,1,1,0,1,0,0,0,1,0
mantis orchid,0,0,1,0,0,0,1,0,0
maori bedstraw,0,0,0,0,0,0,0,0,0
maroon leek-orchid,0,0,1,1,0,0,1,0,0
maroonhood,0,0,1,0,1,0,1,0,0
mat cudweed,0,0,0,0,0,0,1,0,1
mat raspwort,0,0,0,0,1,1,0,1,1
mat saltbush,0,1,0,1,0,1,0,1,0
mat water-milfoil,0,1,0,0,0,1,0,0,0
matted brooklime,0,1,1,0,1,0,0,0,0
matted nertera,0,1,0,0,1,0,0,0,1
matted pratia,0,0,0,0,1,0,0,1,0
matted st john's wort,0,0,1,0,1,0,0,1,1
matted starwort,0,0,0,1,0,0,0,0,0
matted water-starwort,1,1,0,1,1,1,0,0,0
mauve leek-orchid,0,0,1,0,0,0,1,0,0
may smocks,1,1,0,1,0,0,0,1,0
mayfly orchid,0,0,1,0,0,0,1,0,0
mayweed sunray,1,1,0,1,0,0,1,0,0
mealy saltbush,0,1,0,1,0,1,1,0,0
metallic sun-orchid,0,0,1,1,0,0,1,0,0
midget greenhood,0,0,1,0,0,0,1,0,0
milfoil speedwell,0,0,1,0,0,0,0,0,1
milkmaids,0,0,1,0,0,0,0,0,1
milkwort sunray,1,1,0,1,0,0,1,0,0
milky beauty-heads,0,0,1,0,0,0,0,0,0
minnie daisy,0,0,1,0,0,0,1,0,0
moss sunray,1,1,0,0,0,0,1,0,0
mossy knawel,0,1,0,0,0,1,0,1,1
mossy pennywort,0,0,1,1,1,0,0,1,1
mossy woodruff,0,0,0,0,0,0,0,1,0
mountain aciphyll,0,0,1,0,0,0,0,1,1
mountain bird-orchid,0,0,1,0,0,0,1,0,1
mountain bottle-daisy,0,0,1,0,1,0,0,1,1
mountain cotula,0,0,1,0,0,0,0,1,0
mountain cress,0,0,0,0,0,0,0,1,1
mountain daisy,0,0,1,0,0,0,0,1,0
mountain dampiera,0,0,0,0,0,0,0,1,0
mountain dandelion,0,0,1,0,0,0,1,0,0
mountain fireweed,0,0,0,0,0,0,1,0,0
mountain gentian,0,1,0,0,1,0,0,1,1
mountain greenhood,0,0,1,0,0,0,1,0,0
mountain hood-orchid,0,0,1,0,0,0,1,0,0
mountain mitrewort,0,1,0,0,1,0,0,1,0
mountain pennywort,0,0,1,0,0,0,0,1,0
mountain plantain,0,0,0,0,0,1,0,0,0
mountain spider-orchid,0,0,1,0,0,0,1,0,0
mountain velleia,0,0,0,0,0,0,0,1,0
mountain willow-herb,0,0,1,0,0,0,1,0,0
mountain woodruff,0,0,0,0,0,0,0,1,0
mousetail,1,1,0,1,1,0,0,0,0
mud dock,0,0,0,1,0,1,0,0,0
mud pratia,0,0,0,0,1,0,0,1,0
mueller's snow-gentian,0,1,0,0,1,0,0,1,1
mulla mulla,0,0,0,1,0,0,0,0,0
musk hood-orchid,0,0,1,0,0,0,1,0,0
musk sunray,1,1,0,1,0,0,1,0,0
naked bluebell,0,0,0,1,0,0,0,1,0
naked crane's-bill,0,0,0,0,0,0,0,0,0
naked sun-orchid,0,0,1,0,1,0,1,0,0
narrow-leaf cumbungi,0,0,1,0,0,1,1,0,0
narrow-leaf dock,0,0,0,1,0,1,0,0,0
narrow-leaf nardoo,0,0,0,1,1,1,0,0,0
narrow-leaf new holland daisy,0,1,1,0,0,0,1,0,0
narrow-leaf sida,0,0,0,1,0,0,0,1,0
narrow-wing daisy,0,0,1,1,0,0,0,1,0
narrow goodenia,0,0,0,1,1,0,0,1,0
narrow lobelia,1,1,0,0,0,0,0,1,0
narrow plantain,0,0,0,1,0,1,0,0,0
narrow thread-petal,1,1,0,1,0,0,0,0,0
native flax,0,1,0,0,0,0,0,1,0
native orache,1,1,0,1,1,1,1,0,0
native pearlwort,0,1,0,0,1,1,0,1,0
native peppercress,0,1,0,1,0,0,0,0,0
native picris,0,0,0,0,0,0,1,0,0
native sea-spurrey,0,0,0,1,1,0,1,0,0
native sow-thistle,0,0,0,1,1,0,1,0,0
native verbena,0,1,0,0,0,0,0,0,0
native wintercress,0,1,0,0,0,0,0,1,1
nodding blue-lily,0,0,0,0,0,0,0,0,1
nodding chocolate-lily,0,0,1,0,0,0,0,0,0
nodding greenhood,0,0,1,0,0,0,1,0,0
nodding saltbush,0,0,1,0,0,1,0,0,0
notched onion-orchid,0,0,1,0,1,0,1,0,0
notched twin-leaf,1,1,0,1,0,0,1,0,0
one-flower early nancy,0,0,1,1,0,0,0,0,0
open marshwort,0,0,0,0,0,0,0,0,0
orange billy-buttons,0,0,1,0,0,0,1,0,1
orange everlasting,0,0,1,0,0,0,0,1,0
orange immortelle,1,1,0,1,0,0,1,0,0
orange sunray,1,1,0,1,0,0,1,0,0
oval purse,1,1,0,1,0,0,0,1,0
pacific azolla,0,0,0,1,0,1,0,0,0
pale-flower crane's-bill,0,0,0,1,0,0,0,0,0
pale beauty-heads,1,1,1,1,0,0,0,0,0
pale everlasting,0,0,1,0,0,0,1,0,0
pale goodenia,0,0,0,1,0,0,0,1,0
pale grass-lily,0,0,1,0,0,0,0,1,1
pale knotweed,0,1,0,0,0,0,0,0,0
pale sundew,0,0,0,0,0,0,0,1,1
pale swamp everlasting,0,0,1,0,1,0,1,0,0
pale twin-leaf,0,0,0,1,0,0,1,0,0
pale vanilla-lily,0,0,1,0,0,0,0,0,0
pallid sun-orchid,0,0,1,1,0,0,1,0,0
paper sunray,1,1,0,1,0,0,1,0,0
parsnip trachymene,1,1,0,1,0,0,0,1,1
parson's bands,0,0,1,0,1,0,1,0,1
pea thread-petal,1,1,0,1,0,0,0,0,0
perfoliate pondweed,0,0,0,1,0,0,0,0,0
pigmy purslane,1,1,0,0,0,0,1,0,0
pink bindweed,0,0,0,0,0,0,0,1,0
pink bladderwort,1,1,0,1,0,0,0,0,0
pink fairies,0,0,1,1,0,0,1,0,0
pink fingers,0,0,1,0,0,0,1,0,0
pink fingers/white fingers,0,0,1,0,0,0,1,0,0
pink purslane,1,1,0,0,0,0,1,0,0
pink sun-orchid,0,0,1,0,0,0,1,0,0
pinnate goodenia,0,1,0,1,0,0,0,1,0
plain-lip spider-orchid,0,0,1,0,0,0,1,0,0
plain-slender sun-orchid complex,0,0,1,0,0,0,1,0,0
plain sun-orchid,0,0,1,0,0,0,1,0,0
plains billy-buttons,0,1,1,1,0,0,1,0,1
plains everlasting,0,0,1,0,0,0,1,0,0
plains joyweed,0,0,0,1,0,1,0,1,0
plains stackhousia,0,0,0,1,0,0,0,1,1
plains wood-sorrel,0,1,0,0,0,0,0,0,0
plains yam-daisy,0,0,1,0,0,0,1,0,0
pleated podolepis,0,0,1,1,0,0,1,0,0
poached-eggs daisy,1,1,0,1,0,0,1,0,0
poison lobelia,0,0,0,0,0,0,0,1,0
poison pratia,0,0,0,1,0,0,0,1,0
pomax,0,1,0,0,0,0,0,0,0
pop saltbush,1,1,0,1,0,1,1,0,0
prickfoot,0,0,1,0,1,0,0,0,0
prickly cudweed,1,1,0,1,0,0,0,0,0
prickly saltwort,0,1,0,1,0,1,1,0,0
prickly starwort,0,0,0,0,0,0,0,0,0
prickly woodruff,0,0,0,0,0,0,0,1,0
purple beard-orchid,0,0,1,0,0,0,1,0,0
purple bladderwort,0,0,0,1,1,0,0,0,0
purple crassula,1,1,1,0,1,1,1,0,0
purple diuris,0,0,1,0,0,0,1,0,0
purple eyebright,0,0,0,0,0,0,0,0,1
purple fireweed,0,1,0,0,0,0,1,0,0
purple hyacinth-orchid,0,0,1,0,0,0,1,0,0
purple loosestrife,0,0,0,0,0,0,0,0,0
purple swainson-pea,0,1,0,1,0,0,0,0,0
purple trachymene,1,1,0,1,0,0,0,1,0
pussy tails,0,0,0,0,0,0,0,0,0
pygmy sunray,1,1,0,1,0,0,1,0,0
quena,0,0,0,1,0,0,0,0,0
quinetia,1,1,0,1,0,0,0,0,0
rabbit-ears twin-leaf,1,1,0,1,0,0,1,0,0
rabbit ears,0,0,1,0,0,0,1,0,0
rabbit tails,0,0,0,1,0,0,0,0,0
rainforest crane's-bill,0,0,0,0,0,0,0,0,0
rayless daisy,1,1,1,0,0,0,0,1,0
rayless starwort,0,1,0,0,0,1,0,0,0
reader's daisy,1,1,1,1,0,0,0,1,0
red-beaks,0,0,1,1,0,0,1,0,1
red beard-orchid,0,0,1,0,0,0,1,0,0
red bird's-foot trefoil,0,1,0,1,0,0,0,0,0
red daddy-long-legs,0,0,1,0,0,0,1,0,0
red pondweed,0,0,0,1,0,0,0,0,0
red swainson-pea,0,0,0,1,0,0,1,0,0
red water-milfoil,0,0,0,0,0,1,0,0,0
reflexed bedstraw,0,1,0,0,0,0,0,0,0
ridged water-milfoil,1,1,0,1,0,1,0,0,0
rigid spider-orchid,0,0,1,1,0,0,1,0,0
river bluebell,0,0,0,1,0,0,0,1,0
river buttercup,0,0,0,0,0,0,0,0,0
river mint,0,0,1,0,1,0,0,0,0
riverina bitter-cress,1,1,0,1,0,0,0,1,0
robust spider-orchid,0,0,1,1,0,0,1,0,0
robust water-milfoil,0,0,0,1,0,1,0,0,0
robust willow-herb,0,1,1,0,1,0,1,0,0
rock daisy,0,0,1,1,0,0,0,1,0
rock groundsel,0,1,0,0,0,0,1,0,0
rock isotome,0,1,0,0,0,0,0,1,1
rock lily,0,1,1,0,0,0,0,0,0
rock orchid,0,1,1,1,0,0,1,0,1
rosetted crane's-bill,0,0,0,0,0,0,0,0,0
rosy hyacinth-orchid,0,0,1,0,0,0,1,0,0
rosy sundew,0,0,0,1,0,0,0,1,1
rough-nut stackhousia,0,1,0,1,0,0,0,1,1
rough bedstraw,0,0,0,0,0,0,0,0,0
rough burr-daisy,0,0,0,0,0,0,0,0,0
rough crane's-bill,0,0,0,0,0,0,0,0,0
rough eyebright,1,1,0,0,0,0,0,0,1
rough fireweed,0,1,0,0,0,0,1,0,0
rough raspwort,0,0,0,0,0,1,0,1,0
round water-starwort,0,1,0,0,1,1,0,0,0
rounded noon-flower,0,1,1,1,1,0,0,0,0
royal bluebell,0,0,0,0,0,0,0,1,0
running marsh-flower,0,0,0,0,1,0,0,0,0
running postman,0,1,0,0,0,0,0,1,0
rush-leaf sun-orchid,0,0,1,1,0,0,1,0,0
rush lily,0,0,1,1,0,0,0,0,0
rustyhood,0,0,1,1,0,0,1,0,0
salmon sun-orchid,0,0,1,0,0,0,1,0,0
saloop,0,0,1,0,0,1,0,0,0
salt angianthus,1,1,0,1,1,0,0,0,0
salt lawrencia,0,0,0,1,1,0,0,1,0
salt pratia,0,0,0,0,1,0,0,1,0
salt sand-spurrey,0,1,0,1,1,0,0,1,0
salt sea-spurrey,0,0,0,1,0,0,0,1,0
sand cress,1,1,0,1,0,0,0,1,0
sand sida,0,0,0,1,0,0,0,1,0
sand sunray,1,1,0,1,0,0,1,0,0
sand twin-leaf,1,1,0,1,0,0,1,0,0
sandhill goodenia,0,0,0,1,0,0,0,1,0
sarcozona,0,1,0,1,0,0,0,0,0
satin everlasting,0,0,0,0,0,0,1,0,0
saw groundsel,0,1,0,0,0,0,1,0,0
scaly buttons,0,0,1,0,0,0,1,0,0
scaly greenhood,0,0,1,1,0,0,1,0,0
scaly mantle,1,1,0,1,0,0,0,0,0
scarlet greenhood,0,0,1,0,0,0,1,0,0
scarlet sundew,0,0,0,0,0,0,0,1,1
scented groundsel,0,0,0,0,0,0,1,0,0
scented leek-orchid,0,0,1,0,0,0,1,0,0
scented sun-orchid,0,0,1,1,0,0,1,0,0
scented sundew,0,0,0,0,0,0,0,1,1
scrub nettle,0,0,0,0,1,1,0,1,0
scurfy germander,0,0,1,1,0,0,0,1,0
sea celery,0,1,1,0,1,0,0,1,0
sea nymph,0,0,1,1,0,1,0,0,0
shade nettle,0,1,0,1,0,1,0,1,1
shade pellitory,1,1,0,0,0,1,0,1,0
shade peppercress,0,1,0,0,0,0,0,0,0
shade plantain,0,0,0,0,0,1,0,0,0
shade raspwort,0,0,0,0,0,1,0,1,1
shady wood-sorrel,0,0,0,0,0,0,0,0,0
sharp greenhood,0,0,1,0,1,0,1,0,0
sharp midge-orchid,0,0,1,0,0,0,1,0,0
sheep's burr,0,0,0,0,0,1,0,0,0
shield pennywort,0,0,1,1,0,0,0,1,0
shingle fireweed,0,1,0,1,0,0,1,0,0
shining buttercup,0,0,0,0,1,0,0,0,0
shining cudweed,0,0,0,0,0,0,1,0,1
shining pennywort,0,0,1,0,1,0,0,1,0
shiny buttons,0,0,0,1,0,0,1,0,0
shiny everlasting,0,0,0,0,0,0,0,1,0
shiny swamp-mat,0,0,0,1,1,0,0,0,0
short-fruit nardoo,0,0,0,1,0,1,0,0,0
short-lip leek-orchid,0,0,1,0,0,0,1,0,0
short cress,1,1,0,1,0,0,0,1,0
showy cassinia,0,1,0,1,0,0,1,0,0
showy lobelia,0,0,0,1,0,0,0,1,0
showy podolepis,0,0,1,0,0,0,1,0,0
showy violet,0,0,0,0,0,0,0,1,1
showy willow-herb,0,0,1,0,1,0,1,0,1
showy/basalt  podolepis,0,0,1,0,0,0,1,0,0
shrubby fireweed,1,1,0,0,0,0,1,0,0
sickle greenhood,0,0,1,0,1,0,1,0,0
sieber crassula,1,1,1,0,0,1,1,0,0
silky goodenia,0,0,0,1,0,0,0,1,0
silky kidney-weed,0,0,0,1,0,0,0,1,0
silky snow-daisy,0,0,1,0,1,0,1,0,1
silky swainson-pea,0,0,0,1,0,0,0,0,0
silver astelia,0,0,0,0,1,0,0,0,1
silver caraway,0,0,1,0,0,0,0,1,1
silver daisy,0,0,1,0,1,0,1,0,1
silver everlasting,0,0,0,1,0,0,0,0,0
silver ewartia,0,1,0,0,0,0,1,0,0
silver snow-daisy,0,0,1,0,1,0,1,0,1
sky lily,0,0,1,0,1,0,0,0,1
slaty helmet-orchid,0,0,1,0,0,0,1,0,0
slender-fruit saltbush,0,1,0,1,0,1,1,0,0
slender beard-orchid,0,0,1,0,0,0,1,0,0
slender bitter-cress,0,1,0,1,1,0,0,1,0
slender bottle-daisy,0,0,1,0,0,0,0,1,1
slender buttercup,0,0,0,0,0,0,0,0,0
slender carpet-weed,1,1,0,1,0,1,0,0,0
slender cotula,1,1,0,1,1,0,0,1,0
slender cup-flower,1,1,0,1,0,0,0,1,0
slender darling-pea,0,0,0,1,0,0,1,0,0
slender dock,0,0,0,0,0,1,0,0,0
slender fireweed,0,1,0,0,0,0,1,0,0
slender gingidia,0,0,1,0,0,0,0,1,0
slender goodenia,0,0,0,0,1,0,0,1,0
slender greenhood,0,0,1,0,0,0,1,0,0
slender groundsel,1,1,0,1,1,0,1,0,0
slender knotweed,0,0,0,0,1,0,0,0,0
slender leek-orchid,0,0,1,1,1,0,1,0,0
slender mint,0,0,1,0,1,0,0,1,0
slender monkey-flower,0,0,0,1,0,0,0,0,0
slender onion-orchid,0,0,1,0,1,0,1,0,0
slender pennywort,0,0,1,0,1,0,0,1,0
slender peppercress,0,0,0,1,0,0,0,0,0
slender pink-fingers,0,0,1,1,0,0,1,0,0
slender platysace,0,0,0,1,0,0,0,1,1
slender snow-daisy,0,0,1,0,1,0,1,0,1
slender speedwell,0,0,1,0,0,0,0,0,0
slender stackhousia,0,0,0,0,0,0,0,1,1
slender stylewort,1,1,0,0,0,0,0,0,0
slender sun-orchid,0,0,1,0,0,0,1,0,0
slender swainson-pea,0,0,0,1,0,0,1,0,0
slender tick-trefoil,0,0,0,0,0,0,0,0,1
slender triggerplant,1,1,0,1,1,0,0,0,1
slender violet-bush,0,0,0,0,0,0,0,1,0
slender water-milfoil,0,1,0,1,0,1,0,0,0
slender wire-lily,0,1,0,1,0,0,0,0,0
slender yellow-eye,0,1,0,1,1,0,0,0,0
small-flower goodenia,1,1,0,1,0,0,0,1,0
small-flower mud-mat,0,1,0,0,1,0,0,0,0
small-flower tobacco,0,1,0,1,0,0,0,1,0
small-fruit fan-flower,0,1,0,1,0,0,0,0,0
small-fruit water-mat,0,0,0,1,0,1,0,0,0
small-leaf goodenia,0,1,0,1,0,0,0,1,0
small-leaf goosefoot,0,1,0,1,0,1,0,1,0
small-leaf swainson-pea,0,0,0,1,0,0,1,0,0
small chocolate-lily,0,0,1,1,0,0,0,0,0
small duck-orchid,0,0,1,0,0,0,1,0,1
small elachanth,1,1,0,1,0,0,0,0,0
small gnat-orchid,0,0,1,0,0,0,1,0,0
small golden moths,0,0,1,1,0,0,1,0,0
small knotweed,1,1,0,1,0,0,0,0,0
small loosestrife,1,1,0,0,1,0,0,0,0
small monkey-flower,0,0,0,1,0,0,0,0,0
small mosquito-orchid,0,0,1,0,0,0,1,0,0
small mud-mat,0,1,0,0,1,0,0,0,0
small nut-heads,1,1,0,1,0,0,0,1,0
small pelican-orchid,0,0,1,1,0,0,1,0,0
small pennywort,1,1,1,0,0,0,0,1,0
small poranthera,1,1,0,0,0,0,0,1,0
small purslane,1,1,0,0,0,0,1,0,0
small river buttercup,0,0,0,0,0,0,0,0,0
small rustyhood,0,0,1,1,0,0,1,0,0
small saltbush,0,1,0,1,0,1,1,0,0
small scurf-pea,0,0,0,1,0,0,0,0,0
small shade-nettle,0,1,0,0,0,1,0,1,1
small sickle greenhood,0,0,1,1,1,0,1,0,0
small spider-orchid,0,0,1,1,0,0,1,0,0
small st john's wort,0,0,1,0,0,0,0,1,1
small star-plantain,0,1,0,1,1,1,0,0,0
small swamp-daisy,0,0,1,0,1,0,0,0,0
small tongue-orchid,0,1,1,1,0,0,1,0,1
small triggerplant,1,1,0,0,0,0,0,0,1
small vanilla-lily,0,0,1,0,0,0,0,0,0
small wax-lip orchid,0,0,1,1,0,0,1,0,1
small wrinklewort,1,1,0,0,0,0,1,0,0
smooth elachanth,1,1,0,1,0,0,0,0,0
smooth heliotrope,0,0,0,1,1,0,0,0,0
smooth minuria,0,0,1,0,0,0,1,0,0
smooth nardoo,0,0,0,1,0,1,0,0,0
smooth solenogyne,0,0,1,0,0,0,0,1,0
smooth sunray,1,1,0,1,0,0,1,0,0
smooth willow-herb,0,1,1,0,1,0,1,0,0
snow aciphyll,0,0,1,0,0,0,0,1,1
snow daisy,0,0,1,0,0,0,0,0,0
snow pennywort,0,0,1,0,1,0,1,0,1
snow pratia,0,0,0,0,1,0,0,1,0
snowdrop wood-sorrel,0,0,0,0,1,0,0,0,0
snowy colobanth,0,1,0,0,0,1,0,1,1
soft billy-buttons,1,1,1,1,0,0,1,0,0
soft crane's-bill,0,0,0,0,0,0,0,0,0
soft millotia,1,1,0,0,0,0,1,0,0
soft skullcap,0,0,1,1,0,0,0,1,1
southern swainson-pea,0,0,0,0,0,0,0,0,0
southern tick-trefoil,0,0,0,0,0,0,0,0,1
spiked centaury,1,1,0,0,0,0,0,1,1
spiked goodenia,0,0,0,1,1,0,0,1,0
spiny-fruit saltbush,0,1,0,1,0,1,1,0,0
spiny peppercress,0,0,0,1,0,0,0,0,0
spiral sun-orchid,0,0,1,1,0,0,1,0,0
spoon cudweed,1,1,0,0,0,0,0,0,0
spoon daisy,0,0,1,0,0,0,0,1,0
spotted knotweed,0,0,0,0,1,0,0,0,0
spotted sun-orchid,0,0,1,0,0,0,1,0,0
sprawling bluebell,0,0,0,0,0,0,0,1,0
sprawling saltbush,0,1,0,1,0,1,1,0,0
spreading angianthus,1,1,0,1,0,0,0,0,0
spreading crassula,1,1,1,0,0,1,1,0,0
spreading cress,1,1,0,1,0,0,0,0,0
spreading goodenia,0,0,0,1,0,0,0,1,0
spreading knawel,0,1,0,0,0,1,0,1,1
spreading nut-heads,0,1,0,1,1,0,0,0,0
spreading saltbush,0,1,0,1,0,1,1,0,0
spreading sneezeweed,1,1,0,1,0,0,0,0,0
spur velleia,0,0,1,0,0,0,0,1,0
spurred helmet-orchid,0,0,1,1,0,0,1,0,0
squat picris,0,0,0,1,0,0,1,0,0
stalked adder's-tongue,0,0,1,0,1,1,1,0,1
stalked brooklime,0,0,1,1,0,0,0,0,0
stalked crassula,1,1,1,1,0,1,1,0,0
stalked plover-daisy,0,0,0,1,0,0,1,0,0
stalked stinkweed,0,0,0,1,0,0,0,1,1
star cudweed,0,1,0,0,1,0,1,0,1
star fruit,0,0,1,1,0,0,0,0,0
starry goosefoot,1,1,0,1,0,1,0,1,0
sticky fleabane,0,0,0,0,0,0,1,0,0
sticky long-heads,1,1,0,1,0,0,1,0,0
sticky new holland daisy,0,1,0,1,0,0,1,0,0
stiff cup-flower,1,1,0,1,0,0,0,1,0
stiff groundsel,0,0,0,1,1,0,1,0,0
stinking pennywort,0,0,1,0,0,0,0,1,1
stony fireweed,0,1,0,0,0,0,1,0,0
stout-rooted wood-sorrel,0,0,0,0,0,0,0,0,0
strap purslane,1,1,0,1,0,0,1,0,0
strawberry buttercup,0,0,0,0,0,0,0,0,0
streaked rock-orchid,0,0,1,1,0,0,1,0,0
striped greenhood,0,0,1,1,0,0,1,0,0
summer greenhood,0,0,1,0,0,0,1,0,0
summer spider-orchid,0,0,1,1,0,0,1,0,0
swamp billy-buttons,0,0,1,0,1,0,1,0,1
swamp buttercup,0,0,0,1,0,0,0,0,0
swamp crane's-bill,0,0,0,0,1,0,0,0,0
swamp crassula,0,1,1,0,0,1,1,0,0
swamp daisy,0,0,1,0,1,0,0,0,0
swamp early nancy,0,0,1,1,0,0,0,0,0
swamp everlasting,0,0,1,0,1,0,0,1,0
swamp fireweed,0,0,0,0,1,0,1,0,0
swamp goodenia,0,0,0,0,1,0,0,1,0
swamp isotome,0,0,0,0,0,0,0,1,0
swamp leek-orchid,0,0,1,1,0,0,1,0,0
swamp lily,0,0,0,1,0,0,0,0,0
swamp mazus,0,0,0,0,1,0,0,0,0
swamp onion-orchid,0,0,1,1,1,0,1,0,0
swamp pelican-orchid,0,0,1,1,1,0,1,0,0
swamp raspwort,0,0,0,1,1,1,0,1,0
swamp selaginella,0,0,0,1,0,1,0,0,1
swamp star,0,0,1,1,0,0,0,0,1
swamp starwort,0,0,0,0,0,0,0,0,0
swamp violet,0,0,0,0,0,0,0,1,1
swan greenhood,0,0,1,0,0,0,1,0,0
sweet fenugreek,1,1,0,1,0,0,0,0,0
sweet forget-me-not,0,1,0,0,0,0,0,0,0
sweet hound's-tongue,0,0,0,0,0,0,0,0,1
sweet onion-orchid,0,0,1,0,1,0,1,0,0
tah-vine,0,0,0,1,0,0,0,0,0
tailed eyebright,1,1,0,0,1,0,0,0,1
tall astelia,0,1,0,0,1,0,0,0,1
tall bluebell,0,0,0,0,0,0,0,1,0
tall daisy,0,1,1,0,0,0,0,1,0
tall fireweed,1,1,0,1,0,0,1,0,0
tall greenhood,0,0,1,0,0,0,1,0,0
tall leek-orchid,0,0,1,1,0,0,1,0,0
tall lobelia,1,1,0,0,0,0,0,1,0
tall nut-heads,0,0,0,1,0,0,0,1,1
tall potato-orchid,0,0,1,0,0,0,1,0,1
tall raspwort,0,0,0,0,0,1,0,1,1
tall sun-orchid,0,0,1,0,0,0,1,0,0
tall sundew,0,0,0,0,0,0,0,1,1
tall vanilla-lily,0,0,1,0,0,0,0,0,0
tall yellow-eye,0,1,0,1,1,0,0,0,0
tall yellow-top,0,1,0,1,0,0,1,0,0
tangle orchid,0,1,1,1,0,0,1,0,1
tangled burr-daisy,0,0,0,1,0,0,0,0,0
tasman grass-wrack,0,0,1,1,0,1,0,0,0
tasmanian fleabane,0,0,0,0,1,0,1,0,0
tawny spider-orchid,0,0,1,1,0,0,1,0,0
thick-fruit buttercup,0,0,0,0,0,0,0,0,0
thick-head glasswort,0,1,0,1,0,1,0,0,0
thick-lip spider-orchid,0,0,1,1,0,0,1,0,0
thick eyebright,0,0,0,0,0,0,0,0,1
thin duckweed,0,1,1,1,0,0,0,0,0
thin pondweed,0,0,0,1,0,0,0,0,0
thread pennywort,1,1,1,1,0,0,0,1,0
thread speedwell,0,0,1,0,0,0,0,0,1
thread starwort,1,1,0,1,0,1,0,0,0
thyme mitrewort,0,0,0,0,1,0,0,1,0
thyme speedwell,0,0,1,0,1,0,0,0,1
tiger orchid,0,0,1,0,0,0,1,0,0
tight bedstraw,0,1,0,0,0,0,0,0,0
tiny bladderwort,0,0,0,1,0,0,0,0,0
tiny bow-flower,1,1,0,0,0,0,1,0,0
tiny cudweed,1,1,0,0,0,0,1,0,0
tiny daisy,0,1,1,0,0,0,0,1,0
tiny duckweed,0,1,1,0,0,0,0,0,0
tiny greenhood,0,0,1,0,0,0,1,0,0
tiny logania,0,0,0,1,0,0,0,1,0
tiny midge-orchid,0,0,1,0,1,0,1,0,0
tiny mitrewort,1,1,0,1,0,0,0,1,0
tiny pink-fingers,0,0,1,1,0,0,1,0,0
tiny selaginella,1,1,0,1,0,1,0,0,1
tiny star,0,0,1,0,0,0,0,0,0
tiny sundew,1,1,0,1,0,0,0,1,1
tiny violet,0,0,0,0,0,0,0,1,1
tiny water-milfoil,1,1,0,0,1,1,0,0,0
toothed groundsel,1,1,0,1,0,0,1,0,0
toothed raspwort,1,1,0,1,0,1,0,1,0
tough scurf-pea,0,0,0,0,0,0,0,0,0
trailing goodenia,0,0,0,0,0,0,0,1,0
trailing hemichroa,0,0,0,1,1,1,0,0,0
trailing speedwell,0,0,1,0,0,0,0,0,1
trefoil pennywort,1,1,1,1,0,0,0,1,0
trim greenhood,0,0,1,0,0,0,1,0,0
trithuria,1,1,1,1,0,1,0,0,0
tuft-rush,0,1,0,0,1,1,0,0,1
tufted bluebell,0,0,0,0,0,0,0,1,0
tufted burr-daisy,0,0,0,1,0,0,0,0,0
tufted daisy,0,0,1,0,1,0,0,1,0
tufted knawel,0,1,0,0,0,1,0,1,1
tufted lily,0,0,0,0,0,0,0,0,0
tufted lobelia,1,1,0,0,0,0,0,1,0
turquoise berry,0,0,0,0,0,0,0,0,0
twiggy sida,0,0,0,1,0,0,0,1,0
twiggy stinkweed,0,0,0,1,0,0,0,1,0
twin-flower knawel,0,1,0,0,0,1,0,1,1
twining purslane,0,0,0,1,0,0,1,0,0
twisted sun-orchid,0,0,1,1,0,0,1,0,0
upright adder's-tongue,0,1,1,1,0,1,1,0,1
upright spider-orchid,0,0,1,1,0,0,1,0,0
upright water-milfoil,0,0,0,0,0,1,0,0,0
variable billy-buttons,0,0,1,0,0,0,1,0,1
variable crane's-bill,0,0,0,0,0,0,0,0,0
variable daisy,0,1,1,1,0,0,0,1,0
variable goodenia,0,1,0,0,0,0,0,1,0
variable groundsel,0,0,0,0,0,0,1,0,0
variable plantain,0,0,0,0,0,1,0,0,0
variable sida,0,0,0,1,0,0,0,1,0
variable sida (grey-leaf form),0,0,0,1,0,0,0,1,0
variable stinkweed,0,0,0,0,0,0,0,1,1
variable swainson-pea,0,0,0,0,0,0,0,0,0
variable willow-herb,0,1,1,0,0,0,1,0,0
varied mitrewort,0,0,0,1,1,0,0,1,0
varied raspwort,0,0,0,0,0,1,0,1,0
varied water-milfoil,0,0,0,0,0,1,0,0,0
veined helmet-orchid,0,0,1,1,0,0,1,0,0
veined peppercress,0,1,0,1,0,0,0,0,0
veined plantain,0,0,0,0,0,1,0,0,0
veined spider-orchid,0,0,1,0,0,0,1,0,0
veined sun-orchid,0,1,1,0,1,0,1,0,0
velvet tobacco,0,1,0,1,0,0,0,1,0
victorian buttercup,0,0,0,0,0,0,0,0,0
violet fleabane,0,0,0,0,0,0,1,0,0
violet twin-leaf,1,1,0,1,0,0,1,0,0
wallflower orchid,0,0,1,0,0,0,1,0,0
wandering bedstraw,0,0,0,0,0,0,0,0,1
warty peppercress,1,1,0,1,0,0,0,0,0
water blinks,1,1,0,0,1,0,0,0,0
water fennel,0,0,0,0,0,0,0,0,0
water parsnip,0,0,1,1,1,0,0,0,0
water pepper,1,1,0,0,0,0,0,0,0
water pimpernel,0,1,0,1,0,0,0,0,0
water plantain,0,0,1,1,0,0,0,0,0
water shield,0,0,0,1,0,0,0,0,0
water woodruff,0,0,0,0,1,0,0,1,0
waterwort,1,1,0,0,0,0,0,0,0
wavy marshwort,0,0,0,1,0,0,0,0,0
wax-lip orchid,0,0,1,0,0,0,1,0,0
waxy bluebell,0,0,0,0,0,0,0,1,0
weak daisy,1,1,1,0,0,0,0,1,0
wedge-leaf daisy,0,0,1,1,0,0,0,1,0
wedge diuris,0,0,1,1,0,0,1,0,0
wedge oschatzia,0,0,1,0,1,0,0,1,0
western bitter-cress,1,1,0,1,0,0,0,1,0
western bronzehood orchid,0,0,1,0,0,0,1,0,0
western leek-orchid,0,0,1,1,0,0,1,0,0
western water-starwort,1,1,0,1,0,1,0,0,0
white billy-buttons,0,0,1,0,1,0,1,0,1
white elderberry,0,0,1,0,0,0,0,0,0
white everlasting,0,1,1,0,0,0,1,0,0
white fingers,0,0,1,1,0,0,1,0,0
white purslane,0,0,0,0,0,0,0,0,0
white rochelia,1,1,0,1,0,0,0,0,0
white sebaea,1,1,0,1,1,0,0,1,0
white sunray,0,1,1,0,0,0,1,0,1
white twin-leaf,1,1,0,1,0,0,1,0,0
whiteroot,0,0,0,1,0,0,0,1,0
wimmera spider-orchid,0,0,1,1,0,0,1,0,0
wine-lipped spider-orchid,0,0,1,1,0,0,1,0,0
wing pennywort,0,0,1,0,1,0,0,1,0
winged new holland daisy,0,1,0,1,0,0,1,0,0
winged peppercress,1,1,0,1,0,0,0,0,0
winged water-starwort,1,1,0,0,1,1,0,0,0
wingless bluebush,0,0,0,1,0,1,0,1,0
wingwort,1,1,0,1,0,0,0,0,0
wires-and-wool,1,1,0,1,0,0,0,0,0
wirewort,1,1,0,1,0,0,0,0,0
wiry buttons,0,0,1,0,0,0,1,0,0
wiry dock,0,0,0,0,0,1,1,0,0
wiry mitrewort,1,1,0,1,0,0,0,1,0
wiry podolepis,1,1,1,1,0,0,1,0,0
wiry stackhousia,0,0,0,1,1,0,0,1,1
woodland plume-orchid,0,0,1,0,0,0,1,0,0
woodland swamp-daisy,0,0,1,1,0,0,0,1,0
woolly-fruit bluebush,0,1,0,1,0,1,0,0,0
woolly-heads,1,1,0,0,0,0,0,0,0
woolly buttons,0,0,0,1,0,0,1,0,0
woolly everlasting,0,0,0,0,0,0,0,0,0
woolly goodenia,0,0,0,1,0,0,0,1,0
woolly mantle,1,1,0,1,0,0,0,0,0
woolly minuria,0,0,1,0,0,0,1,0,0
woolly new holland daisy,0,0,1,1,0,0,1,0,0
woolly plover-daisy,0,0,0,1,0,0,1,0,0
woolly scurf-pea,0,0,0,1,0,0,0,0,0
woolly waterlily,0,0,1,1,1,0,0,0,1
woolly yellow-heads,1,1,0,1,0,0,0,1,0
wrinkled buttons,0,1,0,1,0,0,1,0,0
yam daisy,0,0,1,0,0,0,1,0,0
yellow-tongue daisy,0,1,1,1,0,0,0,1,0
yellow bladderwort,0,1,0,0,0,0,0,0,0
yellow burr-daisy,0,1,0,0,0,0,0,0,0
yellow leek-orchid,0,0,1,0,0,0,1,0,0
yellow onion-orchid,0,0,1,1,1,0,1,0,0
yellow pennywort,1,1,1,0,0,0,0,1,0
yellow rush-lily,0,0,0,0,0,0,0,0,1
yellow sea-lavender,0,0,0,0,1,0,0,0,0
yellow sebaea,1,1,0,0,0,0,0,1,0
yellow star,0,0,1,0,0,0,0,0,0
yellow tails,0,0,0,1,0,0,0,0,0
yellow twin-heads,0,0,0,1,0,0,0,1,0
yellow wood-sorrel,0,0,0,0,0,0,0,0,0
